1969_s1_intro_hue,1970_s2_intro_hue,1972_new_movies_s1_intro,1976_scooby_doo_show_intro_hue,1977_laff_a_lympics_intro_hue,1979_scooby_and_scrappy_intro_hue,1980_richie_rich_scooby_doo_hue,1983_new_scooby_scrappy_intro_hue,1985_13_ghosts_scooby_doo_hue,1985_scary_scooby_funnies_intro_hue,1988_a_pup_scooby_doo_intro_hue,2002_whats_new_intro_hue,2006_shaggy_scooby_get_clue_intro_hue,2010_scooby_doo_mystery_inc_intro_hue,2015_be_cool_scooby_doo_intro_hue,2019_scooby_doo_guess_who_intro_hue
45,270,181,288,148,288,56,45,26,45,128,296,113,62,276,315
45,270,218,270,148,293,56,45,26,45,118,296,108,48,276,315
63,270,243,270,148,300,56,45,26,45,90,296,107,46,276,315
180,288,239,270,148,302,90,45,26,45,90,296,107,45,276,315
299,293,239,261,148,302,90,45,26,45,90,296,106,45,276,315
306,293,239,254,148,306,90,45,45,45,88,296,106,41,276,315
307,296,239,240,148,307,90,45,45,45,88,296,106,33,276,315
310,296,236,225,149,305,90,45,116,45,88,293,106,33,276,315
310,298,236,225,149,305,90,45,116,45,88,290,106,35,276,315
313,299,236,213,149,305,90,281,135,45,88,292,106,35,276,315
312,301,236,198,149,302,90,288,135,45,88,225,107,34,276,315
315,302,236,191,148,302,90,288,143,45,88,288,107,34,276,315
315,303,236,184,148,298,110,293,153,45,88,285,107,36,276,315
315,303,236,184,149,298,110,289,153,45,88,284,107,36,276,315
315,305,236,180,306,298,128,288,153,45,88,284,107,36,276,315
315,304,236,180,172,296,127,289,160,45,88,284,107,36,276,315
315,306,236,182,172,296,127,289,160,45,88,284,108,36,276,315
315,306,236,185,174,296,128,289,168,45,88,284,108,36,276,315
315,307,236,185,175,296,128,291,180,45,88,288,108,36,276,315
315,307,236,185,176,295,128,293,180,45,88,288,108,36,276,315
315,307,236,185,175,294,128,291,180,45,88,288,108,37,276,315
315,307,236,185,174,293,128,290,180,45,88,288,108,37,276,315
315,309,236,185,174,293,128,291,180,45,88,288,108,38,276,315
315,309,236,185,173,293,128,289,206,45,88,288,108,38,276,315
315,309,236,186,172,293,128,289,229,45,88,288,108,38,276,315
315,309,236,186,169,293,128,288,270,45,88,288,108,39,276,315
315,309,236,186,168,293,128,288,270,45,88,288,108,39,276,315
315,309,236,186,168,293,128,288,270,45,88,299,108,39,276,315
315,309,236,186,169,292,129,288,270,45,88,299,108,39,276,315
315,309,236,186,168,292,128,288,270,45,88,299,108,40,276,315
315,309,236,186,168,292,128,288,270,45,88,299,108,40,276,315
315,310,236,186,168,293,128,288,270,45,88,299,108,41,276,315
316,309,236,186,168,294,128,288,270,45,88,299,108,41,276,315
315,309,236,186,168,293,128,288,270,45,88,299,108,42,277,315
316,309,236,187,168,293,128,288,270,45,88,299,108,41,277,315
316,309,236,188,168,293,127,288,270,45,88,299,108,42,277,315
316,310,236,188,168,294,127,288,270,45,88,299,108,42,277,315
316,309,236,188,168,293,128,288,270,45,88,300,108,43,277,315
316,309,236,188,168,300,128,288,270,45,88,303,108,45,277,315
315,309,236,188,168,300,129,288,270,45,88,306,108,45,277,315
315,309,236,188,168,293,129,288,270,45,88,309,108,45,277,315
316,309,236,188,168,213,129,288,270,45,88,309,108,45,277,315
316,309,236,188,168,295,128,288,270,45,88,309,108,45,277,315
315,308,236,188,168,299,128,288,270,45,88,309,108,45,277,315
316,309,236,188,168,299,129,288,270,45,88,309,108,45,277,315
315,308,236,188,148,194,129,288,270,45,88,309,108,45,277,315
315,308,236,188,145,295,129,288,270,45,88,309,108,45,277,315
315,309,236,189,144,180,130,288,270,45,88,309,108,45,277,315
315,308,236,189,144,180,131,288,270,45,88,309,108,45,277,315
315,309,236,189,143,285,130,288,270,45,88,309,108,45,277,315
315,309,236,189,143,285,131,288,270,45,88,309,108,45,277,315
315,309,236,189,143,285,131,288,270,45,88,309,108,45,277,315
315,309,236,189,143,284,131,288,270,45,88,309,108,45,277,315
315,309,236,189,143,284,131,288,270,45,88,309,108,45,277,315
315,309,236,189,143,284,131,288,270,45,88,309,108,45,277,315
315,309,236,189,143,284,132,288,270,45,88,309,108,45,277,315
316,309,236,188,143,282,132,288,270,45,88,309,108,45,277,315
316,309,236,188,144,284,133,288,270,45,88,306,108,45,277,315
316,309,236,188,144,284,135,288,270,45,88,306,108,45,277,315
316,308,236,188,146,285,136,288,270,45,88,305,108,45,277,315
315,308,236,188,149,285,138,288,270,45,88,305,108,45,277,315
315,308,236,188,152,284,138,288,270,45,88,306,108,45,277,315
315,308,236,188,154,284,137,288,270,45,88,305,108,45,277,315
315,308,236,188,156,284,137,288,270,45,88,305,108,45,277,315
315,308,236,188,156,282,137,288,270,45,88,305,108,45,277,315
315,309,236,188,157,282,135,288,270,45,88,306,108,45,277,315
315,308,236,188,157,282,136,288,270,45,88,306,108,45,277,315
315,308,236,188,157,282,138,288,270,45,88,306,108,45,270,313
315,307,236,188,157,282,135,287,270,45,88,306,108,45,270,311
315,308,236,188,158,282,135,287,270,45,88,306,108,45,270,310
313,308,236,188,159,282,135,287,270,45,88,306,108,45,180,306
315,308,236,188,159,282,135,287,270,45,88,306,108,44,238,304
315,308,236,188,160,282,131,287,270,45,88,306,108,45,214,300
312,309,236,188,160,282,131,287,270,45,88,306,108,45,186,299
313,308,236,188,161,282,132,287,270,45,88,306,108,45,206,296
315,308,236,188,161,282,133,287,270,45,88,306,108,45,213,291
313,307,236,188,162,282,133,287,270,45,88,306,108,45,192,284
311,308,236,188,162,282,135,287,270,45,88,305,108,43,190,279
312,308,294,188,163,282,135,287,270,45,88,305,108,43,189,270
312,308,294,188,163,284,135,287,270,45,88,305,108,43,188,270
312,308,294,188,164,284,134,287,270,45,87,305,109,43,188,243
311,308,294,188,165,284,134,287,270,45,88,305,109,44,188,255
312,308,294,188,169,282,131,287,270,45,88,305,110,43,188,254
312,307,294,188,175,282,131,287,270,45,88,304,110,43,188,235
313,307,294,188,187,282,131,287,270,45,88,303,111,43,188,235
313,307,294,188,190,284,132,287,270,45,88,302,110,43,188,233
313,307,294,188,191,270,132,287,270,45,88,302,111,45,188,233
313,307,294,188,194,270,135,287,270,45,88,300,112,45,188,232
313,308,294,188,192,270,135,287,270,45,88,296,112,45,188,232
315,308,293,188,194,270,135,288,270,45,88,284,113,45,188,235
314,308,293,188,195,270,133,288,270,45,88,285,114,45,188,284
315,308,293,188,192,270,133,288,270,45,88,270,116,45,188,288
315,308,293,188,192,270,132,288,270,45,88,270,116,45,188,288
315,307,293,188,191,270,131,288,270,45,88,136,116,45,189,288
315,308,293,188,191,270,130,288,270,45,88,146,116,45,189,284
315,308,293,188,147,270,130,288,270,45,88,145,116,45,189,284
315,309,293,188,145,270,130,288,270,45,88,270,116,45,188,284
314,308,293,188,145,270,132,288,270,45,88,270,116,45,189,284
314,308,293,188,145,270,135,288,270,45,88,270,116,45,188,282
314,308,293,188,145,270,135,288,270,45,88,284,115,45,187,281
315,308,293,188,145,270,135,288,270,45,88,288,115,45,187,281
315,308,293,188,145,270,135,288,270,45,88,296,116,45,187,281
315,308,293,189,146,270,130,288,270,45,88,296,116,50,187,281
315,309,293,189,146,270,130,288,270,45,88,298,116,54,187,281
315,309,293,188,144,270,130,288,270,45,88,302,115,55,187,281
313,309,293,189,144,270,130,288,270,45,88,305,114,55,189,281
313,309,293,188,144,270,130,288,270,45,88,305,114,60,191,278
314,309,293,188,145,270,131,288,270,45,88,306,114,74,190,278
315,308,293,188,145,270,131,288,270,45,88,306,114,180,189,225
313,308,294,189,145,291,130,288,270,45,90,306,114,180,189,225
314,309,294,190,145,291,129,288,270,45,90,307,113,180,189,90
315,309,294,191,145,291,129,288,270,45,92,308,112,180,189,90
315,308,294,191,145,291,128,279,270,45,96,308,111,180,189,90
315,308,294,191,146,291,128,279,270,45,96,308,111,180,189,175
313,309,294,191,146,291,128,280,270,45,99,308,111,180,189,175
313,308,294,192,146,291,129,280,270,45,104,308,111,270,189,189
315,308,294,192,146,291,129,280,270,45,105,308,111,270,189,189
313,308,294,192,146,291,132,280,270,45,106,308,112,281,187,216
315,309,294,192,146,291,131,280,270,45,106,308,112,286,187,218
314,309,294,192,146,291,130,280,270,45,108,308,112,286,189,251
314,311,294,191,146,296,129,280,270,45,108,308,111,288,188,255
315,310,294,191,146,296,129,280,270,45,111,308,110,291,188,270
315,309,294,190,147,296,129,280,270,45,112,308,111,290,188,270
315,308,294,190,146,296,129,280,270,45,112,308,111,293,188,270
315,308,294,192,147,296,130,280,270,45,114,308,111,292,189,270
315,308,294,192,146,296,132,280,270,45,114,308,111,103,171,270
315,308,294,194,147,296,132,280,270,45,115,308,112,270,,270
315,309,294,194,146,296,134,280,270,45,115,308,112,270,94,254
315,309,294,194,146,296,134,280,270,45,115,308,112,270,94,236
315,309,294,194,146,291,135,280,270,45,115,308,112,262,93,243
315,309,294,194,146,281,136,280,270,45,114,308,112,294,92,243
315,309,294,194,146,270,136,280,270,45,115,308,112,296,92,243
315,309,294,194,146,270,131,280,270,45,115,308,112,298,92,243
315,309,294,194,146,270,130,280,270,45,115,307,112,299,92,243
315,309,294,194,146,180,130,280,270,45,115,308,113,300,91,243
315,309,294,194,146,180,131,280,270,45,115,308,114,299,92,243
315,309,287,194,146,180,131,280,270,45,116,305,115,299,92,243
315,309,288,194,147,180,131,280,270,45,118,306,118,299,91,243
315,309,287,194,147,206,131,280,270,45,118,306,119,299,91,243
315,309,286,194,147,206,132,281,270,45,118,296,118,299,91,243
315,309,285,194,146,206,135,281,270,45,118,296,115,299,91,243
316,309,285,194,147,206,135,281,270,45,120,296,119,300,91,243
316,309,284,194,147,206,133,282,270,45,122,299,119,299,91,243
319,309,284,194,146,180,137,282,270,45,122,299,119,299,91,243
319,309,281,194,146,180,146,282,257,45,123,299,119,300,92,243
320,309,281,194,146,161,146,282,251,45,123,303,150,300,92,243
320,310,282,194,342,180,146,282,243,45,125,303,288,300,91,243
320,310,282,194,340,180,146,284,216,45,125,303,285,300,92,248
320,312,284,194,342,180,146,284,213,280,125,303,285,300,92,248
321,322,284,194,342,180,146,284,210,277,131,300,285,300,92,243
321,341,284,194,343,180,146,284,209,277,142,303,289,300,92,243
321,341,284,194,343,180,146,284,206,276,144,303,290,299,92,243
321,341,284,280,343,180,146,284,204,276,145,305,289,300,92,243
321,341,284,280,343,180,146,284,194,275,145,308,289,300,92,243
321,340,287,279,344,180,146,283,192,276,146,308,288,300,92,243
321,340,287,279,344,180,146,,188,275,146,305,288,301,92,243
321,339,288,279,344,180,146,283,186,274,146,302,289,302,92,251
321,338,288,279,344,180,146,283,184,274,146,305,282,301,92,251
321,338,288,279,344,180,146,284,183,273,146,305,282,300,90,270
321,338,288,280,344,180,146,283,183,273,147,305,121,300,90,270
321,339,288,280,344,153,146,283,181,272,146,303,122,300,90,277
322,339,288,280,343,153,146,283,181,272,147,270,118,300,90,277
322,340,288,280,342,153,144,283,181,271,147,180,116,300,90,282
322,340,288,280,342,152,144,283,181,271,147,145,116,300,90,281
322,339,288,280,341,151,144,283,181,270,147,144,118,300,90,282
323,339,288,280,341,150,144,284,181,270,146,144,119,81,90,282
323,338,288,280,337,150,144,284,180,270,146,144,128,81,90,284
322,337,288,280,337,150,145,284,180,270,263,144,122,81,90,284
322,338,288,280,326,150,145,284,180,268,263,143,122,81,90,282
323,338,288,280,326,150,144,284,180,267,286,144,118,82,90,282
323,340,288,280,336,150,144,284,180,266,286,148,120,81,90,282
321,340,288,280,336,150,144,284,180,265,286,161,123,80,90,282
321,338,288,280,328,151,144,283,180,267,286,180,131,80,90,281
321,339,288,280,328,151,144,284,180,268,286,180,131,81,90,281
321,339,278,280,325,151,144,284,180,270,286,180,288,81,90,282
320,339,277,280,325,150,145,284,180,270,286,180,288,81,90,282
320,338,277,280,341,150,145,284,180,271,286,279,284,81,90,281
319,336,277,281,341,150,144,284,180,274,286,306,138,81,90,281
319,327,277,281,344,150,144,284,180,272,286,291,139,81,90,282
318,323,278,281,345,150,143,284,180,270,285,225,153,82,90,282
318,316,278,281,345,150,143,284,180,270,285,144,284,83,90,284
317,315,278,281,345,150,143,284,180,267,285,180,287,102,90,284
317,312,279,281,345,151,144,285,180,294,285,146,126,105,90,284
317,312,278,281,159,150,144,285,180,295,285,146,126,296,90,284
317,311,278,281,290,150,145,284,180,295,286,146,119,284,90,282
318,311,278,280,160,150,145,284,183,295,286,146,115,85,90,282
318,311,279,280,290,150,146,285,183,296,286,146,115,82,90,281
318,311,279,280,160,150,146,285,182,296,286,146,118,81,90,281
318,311,279,280,290,153,146,285,181,295,286,146,118,80,90,281
318,311,279,280,159,157,146,287,181,296,286,147,118,78,90,282
318,311,280,280,289,157,146,287,180,296,286,147,116,76,90,282
318,311,280,280,159,157,146,288,180,296,286,147,115,80,92,282
318,311,280,280,289,157,146,288,180,296,286,149,116,80,222,282
318,311,280,280,160,157,146,288,180,295,286,150,116,80,225,284
318,311,280,280,289,157,297,288,180,295,285,180,114,80,228,284
318,311,280,280,160,156,297,288,180,295,285,151,113,81,231,284
318,311,281,280,289,156,297,288,180,295,285,180,116,81,231,282
318,311,282,280,160,157,297,288,180,295,285,153,121,81,231,288
318,311,281,280,291,161,297,288,180,295,285,288,120,80,231,288
318,311,280,280,291,165,296,288,180,295,285,291,120,80,231,288
318,311,278,296,293,180,296,288,180,295,284,291,120,80,231,288
318,311,278,293,293,180,296,288,180,295,285,288,118,81,231,288
318,311,278,292,292,180,296,288,180,295,285,289,117,81,231,288
318,311,278,292,293,180,296,288,180,295,285,289,118,82,232,288
318,311,276,292,293,180,293,288,180,295,285,284,116,82,232,288
318,311,275,292,293,180,293,287,180,295,285,284,115,82,232,288
318,312,274,292,293,180,293,287,176,295,284,284,113,82,232,288
317,312,126,292,293,198,293,287,172,296,284,284,112,81,232,288
318,312,126,292,293,198,293,287,172,296,284,284,112,82,235,288
318,311,126,292,292,198,293,285,172,297,282,284,112,82,240,284
318,311,126,293,293,198,293,284,172,297,282,284,112,82,242,284
318,311,126,293,293,198,293,282,174,296,279,284,112,82,243,284
318,311,126,293,291,198,293,282,171,290,279,284,113,82,243,284
318,311,126,293,291,198,293,278,170,290,279,284,112,82,243,284
318,311,126,294,291,198,293,272,169,290,279,284,112,82,243,284
318,311,126,294,291,198,293,266,176,290,279,284,111,82,243,284
318,311,126,294,291,198,293,259,174,290,278,284,111,82,243,284
318,311,126,294,291,198,293,259,180,290,278,284,111,82,243,284
318,311,126,294,291,198,293,256,180,290,278,284,111,82,243,284
318,311,126,294,291,198,292,255,180,291,277,284,111,82,243,284
318,311,126,295,291,198,293,254,180,291,277,284,112,82,243,284
318,311,126,295,291,198,293,254,180,290,278,284,112,82,243,281
318,311,126,295,291,198,292,254,180,283,278,284,112,82,243,282
319,311,126,296,291,198,292,254,180,283,278,283,112,82,243,284
319,311,126,295,292,198,291,255,180,282,277,283,112,82,243,284
318,311,126,296,291,198,291,255,180,282,277,283,112,82,242,284
317,311,126,296,291,198,291,256,180,279,278,283,112,81,239,284
291,311,122,296,291,198,289,255,180,277,278,283,112,80,237,284
291,311,122,296,296,198,289,256,180,276,278,283,112,81,229,284
291,311,122,296,293,198,292,257,180,274,280,283,112,82,220,284
291,311,122,296,296,198,292,258,180,274,280,283,113,82,88,284
291,311,122,296,291,198,292,257,180,272,281,283,116,82,15,284
291,255,122,296,293,198,292,257,180,271,281,283,116,83,12,284
291,255,122,296,291,198,292,257,180,270,281,282,116,90,12,284
291,255,122,296,293,198,292,258,180,270,281,282,116,164,12,284
288,258,122,296,291,198,292,261,180,270,281,282,116,165,12,284
288,258,122,296,291,198,292,262,180,270,283,282,118,141,11,284
288,270,122,296,290,198,292,262,180,270,283,283,116,90,11,284
288,270,122,296,291,198,291,270,180,270,283,283,116,90,12,284
288,270,122,295,288,206,180,270,181,267,312,283,116,128,18,284
288,270,122,296,288,206,180,270,181,267,312,283,120,98,63,288
288,270,122,296,288,206,180,270,181,264,312,283,120,120,59,288
288,270,123,296,288,206,180,270,181,264,312,283,119,94,53,288
288,270,123,296,288,206,180,270,181,197,312,283,119,101,53,288
288,270,123,296,288,206,180,270,181,195,312,283,118,144,53,288
288,270,123,296,286,206,180,270,181,192,312,283,115,153,56,288
288,270,123,296,286,206,180,270,183,110,312,283,112,146,56,288
288,270,123,296,285,206,180,270,183,106,312,283,111,141,56,288
288,270,123,297,284,206,180,270,183,304,312,283,111,146,57,288
289,270,123,297,284,206,180,270,183,305,312,283,110,156,57,288
291,255,123,297,284,206,180,270,183,305,312,283,109,153,58,284
291,255,123,297,284,206,180,270,185,306,312,283,108,146,57,284
291,270,124,297,284,206,180,270,184,306,312,282,108,153,57,284
291,270,123,297,118,206,180,270,184,306,312,282,108,180,56,284
288,270,124,297,118,206,180,270,184,306,312,282,108,180,56,288
288,270,124,297,118,206,180,270,184,306,312,280,108,180,47,288
288,270,124,297,119,213,180,270,183,306,311,276,108,189,47,288
288,270,123,297,119,206,180,270,183,306,311,270,108,192,48,291
288,270,124,297,119,213,180,270,183,306,311,270,108,206,50,288
288,270,123,297,119,206,180,270,183,306,311,270,108,273,54,288
288,270,123,296,119,206,180,270,184,307,311,263,108,270,54,288
319,270,123,296,119,206,180,270,183,306,311,264,108,281,54,288
319,270,123,296,119,213,180,270,183,306,310,147,108,282,56,288
319,270,123,296,119,213,180,270,185,306,310,146,108,292,56,288
319,270,123,296,119,213,180,270,185,306,311,146,108,293,56,288
319,270,123,296,119,213,180,270,185,306,311,90,109,288,53,288
319,303,123,296,119,213,180,270,185,304,311,90,109,192,51,288
319,303,124,296,119,206,180,270,185,304,310,90,109,90,50,288
319,303,124,296,119,206,180,270,186,304,310,90,109,81,50,288
319,303,123,296,119,206,180,270,187,304,311,90,109,90,53,288
319,303,123,296,119,206,180,270,187,304,311,104,109,79,56,288
319,303,123,296,119,206,180,270,187,304,311,90,109,73,56,288
319,304,123,296,119,206,180,270,188,304,312,85,109,54,158,288
320,303,123,296,119,281,180,270,188,304,312,85,109,49,,288
320,303,123,296,119,281,180,270,189,304,308,85,109,49,180,288
321,303,124,296,119,281,180,270,189,303,308,85,109,47,99,288
321,303,124,296,119,281,180,270,190,303,308,104,109,46,126,288
321,303,124,296,119,281,180,270,190,303,308,104,109,34,126,288
322,303,124,296,119,281,150,270,190,303,308,109,109,33,127,288
321,303,124,295,119,281,138,270,194,302,309,109,109,42,128,288
321,302,124,296,119,281,132,270,195,302,309,110,109,40,130,288
321,300,124,295,119,281,132,270,194,301,309,110,109,34,132,288
321,300,124,296,119,281,131,270,194,300,310,111,109,32,134,288
321,300,124,296,119,281,130,270,192,299,310,111,109,47,135,288
321,299,124,296,119,281,129,270,194,299,310,111,109,91,135,288
321,299,124,297,119,281,128,270,194,298,310,111,109,86,135,288
323,299,124,297,119,279,128,270,194,298,310,111,109,84,135,288
322,296,124,297,119,279,128,270,196,298,310,111,109,83,133,284
322,296,124,297,119,279,128,270,198,298,310,111,109,90,133,288
322,298,124,298,119,279,290,270,198,299,310,111,109,111,133,284
322,298,124,290,119,279,290,270,199,300,310,111,109,299,133,284
322,298,124,288,119,279,290,270,200,299,310,111,109,303,133,284
322,298,124,288,119,278,290,270,201,297,310,111,109,309,134,284
321,297,124,288,119,279,290,270,206,298,310,111,109,321,134,284
321,296,124,288,119,279,290,270,206,298,305,111,109,323,133,284
321,296,124,288,119,279,290,270,200,297,304,111,109,311,132,284
320,296,124,287,119,279,289,270,202,296,304,111,109,333,132,284
318,296,124,287,119,280,290,270,200,298,304,111,109,327,132,284
319,296,124,287,119,279,290,270,198,296,304,111,109,316,132,284
319,296,123,287,119,279,289,270,199,296,304,110,109,180,132,284
320,296,123,287,119,279,290,270,200,296,304,110,109,90,131,284
319,296,123,286,190,280,290,270,209,280,304,110,109,90,131,281
318,296,123,286,190,279,289,270,206,275,304,110,110,90,131,270
317,296,123,286,189,281,289,270,206,270,304,110,109,90,131,270
317,296,123,286,188,281,289,270,206,270,304,110,109,90,133,270
317,297,188,285,188,281,289,270,206,270,304,110,109,90,133,270
316,296,188,285,188,281,289,270,208,259,305,110,110,90,133,257
316,296,189,284,188,281,289,270,208,253,305,110,110,90,133,257
315,296,190,284,188,281,289,270,211,247,305,110,110,90,133,185
315,296,190,284,188,281,289,270,219,243,304,110,110,92,134,184
315,296,191,283,188,281,289,270,214,243,304,110,110,153,134,183
315,296,192,282,188,281,289,270,216,243,304,110,110,287,132,180
315,296,192,281,188,281,289,270,225,242,305,110,110,74,127,165
315,296,193,281,188,281,289,270,225,241,305,110,110,56,123,165
315,296,193,280,188,281,289,270,229,240,306,110,110,61,120,180
315,296,194,280,188,281,289,270,233,239,308,110,110,71,121,180
315,296,194,281,188,281,289,270,233,239,308,110,110,90,121,182
315,291,195,281,188,281,289,270,231,233,309,110,109,288,120,186
315,291,195,281,188,281,289,270,239,170,309,110,109,288,120,270
312,288,196,281,188,281,288,270,241,165,311,110,109,287,120,270
315,286,197,282,188,281,288,270,231,160,310,110,109,288,120,270
312,284,198,283,188,281,288,270,237,135,311,110,109,288,119,270
307,284,199,285,188,281,287,270,243,135,312,110,109,288,119,270
308,281,200,285,186,281,287,270,245,135,312,110,109,287,119,270
306,282,202,287,186,281,286,270,251,135,312,110,109,287,119,270
302,279,203,287,185,281,284,270,260,135,312,111,109,285,118,270
298,277,205,287,182,281,284,270,264,135,312,111,109,284,131,270
299,277,206,287,181,281,283,270,270,135,312,111,109,285,131,270
299,270,208,287,176,281,282,268,270,140,312,111,109,286,131,270
299,270,210,288,170,281,284,268,270,135,313,111,109,287,132,270
296,270,212,287,165,281,284,267,270,141,312,111,109,286,132,254
297,251,213,287,161,281,284,267,270,146,311,111,109,287,132,251
297,243,215,287,160,281,284,267,270,140,309,111,109,287,132,243
296,243,218,287,153,281,284,253,270,145,310,111,109,289,132,242
293,248,225,287,147,281,298,253,270,153,306,111,109,289,132,242
293,243,226,287,148,281,298,209,270,153,302,111,109,290,132,240
296,243,233,287,146,281,298,208,270,172,290,111,109,291,132,239
297,248,234,288,143,281,298,206,270,232,275,111,109,293,132,240
298,243,235,288,154,281,298,171,270,245,270,111,109,295,132,242
306,243,235,288,175,277,298,172,282,270,258,111,109,296,132,243
309,243,237,288,225,270,298,138,283,264,258,111,109,294,132,245
309,236,239,288,232,270,298,138,284,289,270,112,109,295,132,246
308,243,242,288,232,270,298,138,284,289,270,112,109,295,132,256
310,243,243,288,230,270,298,153,284,289,270,112,109,296,132,270
310,255,243,288,228,270,298,,285,290,270,112,110,295,132,270
311,270,244,288,228,281,298,153,284,290,270,112,110,296,132,270
311,270,244,288,217,281,298,153,286,291,270,112,110,295,132,270
315,255,245,288,199,281,298,153,287,291,270,112,110,295,132,263
315,251,245,288,193,281,298,153,288,291,270,112,110,295,132,225
315,251,246,288,187,281,298,153,288,291,270,112,111,295,132,225
315,251,247,288,170,281,298,154,287,291,270,112,110,295,132,243
318,270,248,289,166,281,298,154,288,291,270,112,110,295,132,243
320,270,249,289,166,281,298,154,288,291,270,112,111,295,132,255
320,270,250,289,165,281,298,154,288,294,270,112,111,295,132,255
321,270,251,289,165,282,298,154,287,294,270,112,111,296,133,255
321,270,252,289,164,158,298,155,288,294,270,112,111,295,132,255
322,258,252,289,165,158,298,155,288,296,270,112,111,296,126,243
322,255,252,289,164,158,298,155,288,296,270,112,111,296,125,243
322,270,255,289,164,158,298,155,288,296,270,112,111,297,124,236
323,270,257,289,164,158,298,155,288,297,270,112,111,296,126,239
323,270,258,289,165,158,298,155,288,297,270,111,112,295,117,255
322,270,258,289,165,153,298,155,288,298,270,111,112,294,118,250
323,270,259,289,167,149,298,155,288,298,265,111,111,295,116,247
323,270,260,289,176,149,298,155,288,298,265,111,111,295,122,251
323,270,260,289,186,149,281,155,288,298,265,111,111,295,132,243
323,281,260,288,188,146,282,155,290,298,270,111,112,295,125,243
322,281,260,288,188,146,282,155,124,298,264,111,112,295,117,253
322,284,261,288,188,146,287,155,180,298,264,111,112,294,127,225
322,288,262,288,188,146,287,155,180,298,264,111,112,295,131,213
322,288,263,289,189,146,287,155,180,194,270,111,112,294,132,198
322,288,263,289,188,145,286,155,180,192,270,111,112,294,132,180
323,288,264,288,187,144,286,155,180,191,263,111,112,294,132,180
323,288,265,289,186,144,294,155,270,188,263,111,112,294,132,180
323,288,265,289,184,144,297,155,270,186,263,112,112,294,132,166
323,288,265,289,182,144,291,155,270,187,255,112,112,294,132,165
323,288,265,289,180,144,291,155,270,184,257,111,112,294,132,164
323,291,267,289,174,144,291,155,270,180,155,111,112,294,132,162
323,291,267,289,166,144,291,155,270,180,155,111,112,294,132,163
323,291,267,289,166,144,290,155,278,180,155,109,112,292,132,164
323,288,180,289,166,144,290,155,278,180,243,109,111,292,132,180
323,288,180,289,166,145,290,155,280,180,243,109,112,289,132,180
323,288,180,287,165,144,290,155,279,174,243,109,112,286,132,180
323,288,180,286,165,144,290,155,281,173,243,109,112,286,132,180
321,288,180,286,164,145,290,155,281,169,246,109,112,288,132,177
321,288,180,285,164,145,290,155,282,169,255,109,112,287,285,162
322,288,180,285,164,144,290,155,283,167,255,109,111,287,285,162
321,294,180,285,164,143,290,154,281,164,257,109,111,287,285,162
321,294,180,285,323,144,290,154,284,163,257,109,111,288,285,161
320,294,180,285,322,144,290,154,284,163,257,110,111,288,285,161
320,294,180,284,322,144,289,154,285,162,254,111,111,287,285,161
320,293,180,281,323,144,289,154,285,162,254,111,111,288,285,161
319,291,180,280,323,143,289,154,287,161,254,111,111,288,286,161
319,291,180,280,322,144,289,154,288,161,254,111,111,287,286,161
320,292,180,280,322,143,288,154,287,161,254,111,111,287,286,164
320,291,180,279,322,143,287,154,288,161,254,111,111,287,288,164
320,291,180,277,322,144,267,154,288,161,253,111,111,287,288,164
320,290,180,277,322,144,267,154,288,161,254,111,111,287,286,164
320,290,180,277,322,144,267,154,288,160,254,111,111,287,286,180
326,289,180,277,322,143,105,154,287,159,254,119,111,287,286,170
334,289,180,276,322,143,105,154,287,159,254,111,111,287,286,168
334,289,180,276,323,143,270,154,286,158,258,112,111,287,288,165
334,287,180,275,323,143,270,154,285,158,255,113,111,287,288,164
333,286,180,274,323,143,270,155,278,158,258,113,111,287,288,164
333,284,180,274,323,143,270,155,277,155,258,113,111,287,288,163
333,270,180,273,323,143,270,155,260,155,257,113,111,287,288,162
333,270,180,272,323,143,270,155,270,154,258,113,111,287,288,162
332,270,180,289,323,143,270,154,270,153,257,113,111,287,288,160
332,270,180,289,323,143,270,154,270,135,260,116,111,287,288,156
332,270,180,289,323,143,270,154,270,135,261,114,111,287,288,143
332,270,180,289,323,143,270,154,270,136,258,114,111,287,288,137
332,270,180,289,323,143,270,154,270,137,261,113,111,287,288,143
333,270,180,289,323,143,270,154,270,137,257,168,111,287,288,156
333,270,180,289,323,143,270,154,270,138,262,169,111,286,288,154
333,254,180,289,323,143,263,154,270,138,262,168,111,286,288,144
333,254,180,289,323,143,263,153,270,138,254,169,111,279,288,137
333,254,180,288,323,294,260,154,270,138,248,168,111,279,288,45
333,254,180,288,323,293,260,150,270,138,243,168,111,279,288,45
334,254,180,288,323,293,260,154,270,138,180,169,111,279,288,45
334,254,180,288,323,293,259,154,270,138,180,169,111,279,288,45
334,254,309,288,323,293,259,153,270,139,155,168,111,279,296,45
334,254,299,288,323,293,258,151,270,138,153,169,111,279,315,34
334,254,243,288,323,293,258,245,270,138,155,168,111,278,288,29
334,254,199,288,323,293,258,254,270,138,154,168,111,278,277,26
334,254,193,288,323,293,257,254,270,138,154,168,111,278,277,18
335,254,190,288,323,293,257,259,270,137,155,168,111,278,267,18
335,254,180,288,323,293,255,260,270,137,155,166,111,278,,18
335,254,180,288,323,293,255,264,270,138,180,153,111,278,270,18
335,254,180,288,323,293,255,261,275,138,155,113,111,278,267,18
298,254,180,288,323,293,255,261,286,138,155,112,111,278,268,18
298,254,180,287,322,293,255,262,284,138,225,112,111,278,270,18
298,254,180,287,322,293,253,257,284,138,180,112,112,278,270,18
298,254,180,287,139,293,252,258,284,138,243,112,111,278,270,18
298,254,180,287,139,293,251,257,270,138,243,112,111,278,270,18
298,254,180,287,139,293,243,257,270,138,243,112,111,278,270,18
298,254,180,287,138,293,239,254,217,139,248,112,111,278,270,18
298,254,180,287,135,293,231,254,215,138,251,111,112,277,270,18
297,254,180,288,135,293,231,251,214,138,251,111,112,277,270,18
298,254,180,288,140,293,231,253,214,138,253,111,112,278,270,18
298,254,180,288,140,293,225,253,214,139,253,111,112,277,270,18
298,254,180,288,146,293,225,256,203,139,254,111,112,278,270,18
298,254,180,288,146,293,225,254,196,139,254,111,112,277,270,18
298,254,180,288,198,293,225,254,183,139,254,111,112,277,270,18
298,254,180,288,199,293,225,258,164,139,254,111,112,277,270,18
298,254,180,288,149,293,225,258,163,139,254,111,112,277,270,18
298,254,180,288,149,293,225,265,161,138,254,111,112,277,270,18
298,254,180,288,143,293,225,266,154,138,253,111,112,277,270,18
298,254,180,287,141,293,225,266,152,138,251,111,112,277,270,18
298,254,180,287,143,293,225,265,284,122,243,111,112,231,270,18
297,254,180,287,143,293,225,265,284,122,243,111,112,216,270,18
297,254,180,287,143,293,225,263,284,122,243,111,112,216,270,18
297,254,180,287,143,293,225,263,284,122,206,111,112,216,270,18
297,250,180,286,143,293,225,262,286,122,180,111,113,216,270,18
298,250,180,286,143,293,225,265,286,122,180,111,113,215,270,18
298,247,180,286,141,293,198,265,287,122,180,111,113,212,270,18
298,247,180,287,141,293,198,264,287,122,180,111,113,215,270,18
298,247,180,286,138,293,183,263,287,122,157,111,113,215,270,18
299,247,180,287,138,293,184,260,287,122,155,111,114,214,270,
299,247,180,287,135,293,184,259,287,122,155,111,114,213,270,
299,247,180,287,138,293,180,259,287,122,155,111,114,215,270,
299,247,180,286,135,293,180,256,287,122,155,111,114,216,270,
297,247,180,286,138,294,180,255,287,122,155,111,115,216,270,
296,251,180,285,135,293,180,255,287,122,154,111,114,216,270,
296,251,180,285,135,293,180,254,287,122,154,111,114,216,270,
296,309,155,285,135,294,180,254,287,122,154,111,114,216,270,
296,307,159,285,135,294,180,253,287,123,154,111,114,216,,
293,308,159,285,150,296,180,255,287,122,154,111,114,215,,
289,308,159,285,150,296,180,257,287,122,154,111,114,216,,
289,308,160,285,153,296,180,255,287,122,154,111,114,216,,
286,307,160,285,164,296,180,255,288,121,154,111,114,217,,
286,308,160,285,143,296,180,259,288,121,154,111,115,217,,
288,308,160,285,142,296,180,262,288,121,154,111,115,217,,
288,309,160,286,138,296,180,259,288,121,154,111,116,216,,
289,308,160,286,138,296,180,264,288,121,154,111,115,216,,
289,308,160,286,135,296,180,264,288,120,154,111,115,216,,
294,308,160,287,138,296,180,264,288,120,153,111,116,216,,
293,308,160,287,139,296,180,266,288,120,153,111,116,216,,
296,308,160,287,139,296,180,259,288,119,153,111,116,216,,
296,308,160,288,139,296,180,263,287,119,153,111,115,216,,
299,308,160,288,140,296,180,263,287,119,153,111,115,215,,
299,308,159,287,306,296,180,265,287,119,152,111,115,215,,
299,308,159,287,306,296,180,261,287,117,152,111,115,214,,
299,309,159,287,308,296,180,263,287,117,151,112,115,215,,
299,308,159,287,308,296,180,263,287,117,151,113,116,214,,
298,306,159,287,308,296,180,263,287,117,151,113,116,215,,
298,306,155,288,307,296,180,275,287,117,151,114,115,215,,
296,307,154,287,307,180,180,,287,116,154,116,115,216,,
298,306,154,288,306,180,180,275,286,116,155,116,115,216,,
298,306,153,288,306,180,180,275,286,116,154,116,114,216,,
298,306,153,288,306,180,180,275,287,116,154,115,114,216,,
296,306,153,288,306,147,218,275,285,116,154,114,114,216,,
296,307,153,288,306,147,218,275,285,309,148,113,114,216,,
296,307,150,289,307,144,224,275,285,310,149,113,114,216,,
296,308,152,288,307,143,233,275,284,310,143,113,114,215,,
296,308,153,288,306,143,233,275,284,310,143,115,114,215,,
295,309,154,288,306,141,278,275,284,309,180,118,114,216,,
293,309,155,288,306,141,278,275,284,310,180,135,114,216,,
293,306,155,289,304,141,278,270,283,309,274,137,113,216,,
291,307,180,289,303,141,278,270,283,309,274,167,114,215,,
289,307,180,289,296,143,278,270,282,309,274,236,114,216,,
286,307,180,289,296,141,279,270,284,307,274,238,113,216,,
286,305,180,289,296,141,279,274,284,307,274,240,113,216,,
285,305,180,289,296,141,279,275,286,306,274,241,112,216,,
285,303,180,288,296,142,279,275,285,306,274,243,112,216,,
286,303,180,288,296,143,279,275,288,306,274,270,112,215,,
286,303,180,288,296,142,279,275,288,305,275,285,113,216,,
284,210,180,288,296,142,279,275,288,305,275,296,112,215,,
285,210,180,288,296,143,281,275,281,305,275,300,113,213,,
287,210,180,288,296,144,281,275,281,305,274,303,112,213,,
288,209,180,288,296,164,281,276,281,304,274,300,112,213,,
288,209,180,308,296,158,282,276,281,303,274,296,112,213,,
287,209,180,300,296,158,282,277,281,303,274,293,112,213,,
284,209,180,267,296,159,282,277,279,301,273,291,112,213,,
284,209,180,263,296,180,282,277,279,301,272,291,112,213,,
284,209,180,263,296,180,282,277,279,301,272,290,112,213,,
284,209,180,255,293,165,282,277,279,297,272,290,112,213,,
279,206,180,243,296,165,282,278,279,297,272,288,112,213,,
279,206,180,237,293,172,282,277,279,296,272,288,112,213,,
270,206,180,233,291,180,282,277,280,296,272,288,112,213,,
270,206,180,233,293,180,282,278,280,296,272,288,112,213,,
270,206,180,232,296,180,282,278,280,298,271,288,111,213,,
136,206,180,230,294,180,282,278,280,299,270,288,111,213,,
136,206,180,225,300,180,282,278,280,296,270,286,111,213,,
137,206,180,206,300,180,282,278,280,295,270,285,111,213,,
137,206,180,206,300,180,282,278,280,296,270,281,111,213,,
137,206,180,178,300,198,282,278,280,270,270,281,111,213,,
136,206,180,168,296,198,282,279,280,270,270,284,111,213,,
136,206,180,168,296,213,198,279,280,297,270,284,111,213,,
135,293,180,161,300,225,198,279,280,296,267,281,111,213,,
135,293,180,161,296,251,198,279,280,296,267,279,111,213,,
135,293,180,157,296,270,198,279,280,300,266,278,111,213,,
135,293,180,156,282,270,198,279,280,299,264,278,110,213,,
135,293,180,155,231,270,201,279,279,305,262,281,110,213,,
135,296,180,154,180,288,198,279,279,304,261,280,110,213,,
135,296,180,154,180,291,198,279,279,304,261,270,110,213,,
135,296,180,62,180,291,198,279,279,303,258,270,110,213,,
135,296,180,65,180,291,198,279,279,302,260,278,110,213,,
135,296,180,66,180,288,198,282,279,301,259,278,111,213,,
135,296,180,66,180,291,198,287,279,300,261,278,111,213,,
135,295,180,66,188,288,198,285,279,300,261,278,111,213,,
135,295,180,64,180,288,198,285,279,299,261,288,112,213,,
135,298,180,65,206,288,191,285,279,298,263,288,112,213,,
292,297,180,64,184,288,180,284,279,297,263,278,111,213,,
303,298,180,65,270,288,180,282,279,299,264,278,111,213,,
303,298,180,65,270,288,180,279,280,300,264,270,111,216,,
303,299,180,64,270,288,180,279,280,302,266,270,109,215,,
303,299,180,65,270,288,180,280,280,302,270,270,109,215,,
303,299,180,66,270,288,180,281,280,303,266,270,109,215,,
303,299,180,66,270,288,180,284,280,303,266,282,109,214,,
304,300,180,66,284,288,180,284,280,304,266,282,109,210,,
304,300,180,64,284,288,180,284,280,302,263,305,109,209,,
304,301,180,65,270,288,180,287,280,302,263,305,109,161,,
304,301,180,64,270,288,180,288,280,302,261,315,109,155,,
304,302,180,64,284,288,180,288,280,302,261,315,109,153,,
304,302,180,64,284,287,180,287,280,302,261,315,109,151,,
304,302,180,64,284,287,180,287,280,303,261,315,109,152,,
304,302,180,64,284,285,180,285,280,305,262,311,109,152,,
304,302,180,65,288,286,164,284,280,304,263,311,108,152,,
304,302,180,66,288,285,164,281,280,304,264,318,108,152,,
303,302,180,66,288,284,164,279,280,304,264,318,108,152,,
303,302,180,64,275,284,161,279,279,305,265,320,108,152,,
303,303,180,64,270,284,164,278,279,303,266,320,108,158,,
303,303,180,63,270,284,164,277,279,302,266,315,108,154,,
303,309,180,64,270,281,161,277,279,301,266,315,108,146,,
303,310,180,64,270,281,161,276,279,301,267,324,108,148,,
303,310,180,63,270,281,159,276,279,298,267,324,108,155,,
303,309,180,63,270,279,156,274,279,295,270,329,108,160,,
303,308,180,61,270,279,156,270,279,293,270,329,108,157,,
303,308,180,61,270,276,156,270,279,292,270,329,108,151,,
303,308,180,61,270,275,156,270,279,292,270,329,108,149,,
303,309,180,61,270,275,158,270,279,126,270,329,108,147,,
303,309,180,60,284,275,156,270,279,126,270,329,108,147,,
303,309,180,60,284,275,156,270,275,126,270,329,108,147,,
303,309,180,60,288,270,156,270,275,126,270,329,108,148,,
303,308,180,60,288,270,135,270,275,127,270,329,108,148,,
303,307,180,61,288,270,198,270,275,127,270,328,108,147,,
303,306,180,61,288,270,195,270,275,127,270,260,108,146,,
303,302,180,61,288,270,198,270,275,127,271,251,108,145,,
322,303,180,61,288,270,198,270,275,128,272,236,108,147,,
322,303,180,61,288,270,198,270,275,128,271,236,108,146,,
321,305,180,60,288,270,206,270,275,127,272,236,108,145,,
319,304,180,60,288,270,206,270,275,127,273,236,108,146,,
315,305,180,286,288,270,180,273,275,127,273,236,108,148,,
314,304,180,286,288,270,180,275,275,127,274,236,108,148,,
314,303,180,286,288,270,180,277,275,127,274,236,108,149,,
314,303,180,286,288,270,180,277,275,127,274,236,108,148,,
315,304,180,286,288,270,180,277,275,127,274,236,108,148,,
314,300,180,286,288,270,180,275,275,127,274,236,108,149,,
315,300,180,286,288,270,180,278,275,130,274,236,108,149,,
314,300,180,286,288,270,180,279,275,131,274,251,108,150,,
313,300,180,286,288,270,194,279,274,133,281,270,108,150,,
313,296,180,286,288,270,194,281,274,133,281,270,108,150,,
313,284,180,286,288,270,213,282,270,135,281,270,108,153,,
313,284,180,286,288,270,213,282,270,140,281,270,108,153,,
313,284,180,286,288,270,206,282,247,141,281,270,108,153,,
315,284,180,286,288,270,206,282,247,143,281,270,108,153,,
316,284,180,286,288,270,206,284,247,143,281,270,108,151,,
316,284,180,286,291,270,258,284,243,143,281,270,109,151,,
315,291,180,286,288,270,258,284,243,143,280,270,109,151,,
315,296,180,286,288,270,258,284,235,143,280,270,109,151,,
315,296,180,286,288,270,270,284,235,143,280,270,109,150,,
315,300,180,286,284,255,270,284,235,143,280,270,109,151,,
315,303,180,286,284,255,218,285,235,143,280,270,109,152,,
313,305,180,286,284,251,218,285,235,141,279,270,109,151,,
315,309,180,286,284,251,218,285,235,142,279,270,109,151,,
314,309,180,286,288,251,257,285,247,142,279,270,109,150,,
313,312,180,285,288,251,258,285,248,142,278,270,109,149,,
311,313,180,285,285,251,250,284,248,142,278,270,109,149,,
312,313,180,284,284,251,251,285,250,141,278,270,109,149,,
312,313,180,284,284,251,225,286,250,141,278,270,109,147,,
315,313,180,284,284,251,232,286,251,141,278,270,109,146,,
315,313,180,283,288,251,253,286,252,141,277,276,109,145,,
315,313,180,282,288,255,277,286,251,141,281,276,109,145,,
318,299,180,282,288,255,277,286,251,142,281,277,109,145,,
318,299,255,282,280,255,277,287,251,142,281,277,110,145,,
318,299,180,281,280,270,281,287,251,142,281,277,109,144,,
318,299,180,281,280,270,281,288,251,141,281,276,109,145,,
320,299,180,280,280,270,280,288,251,141,281,276,109,146,,
319,299,180,280,281,270,280,288,251,141,281,277,109,146,,
321,299,180,280,281,270,280,288,251,141,281,276,109,147,,
321,299,180,294,280,270,278,288,251,141,282,277,109,147,,
321,299,180,294,281,270,278,288,251,141,281,277,109,147,,
321,299,180,293,280,270,281,288,251,142,278,277,109,148,,
321,298,180,293,281,270,281,289,251,141,278,277,109,148,,
321,298,180,293,280,270,281,289,250,141,278,275,109,148,,
321,293,180,291,280,270,282,289,250,142,270,276,109,148,,
322,150,180,291,280,270,282,289,251,142,270,275,109,149,,
322,303,180,237,280,270,285,289,250,142,225,277,109,149,,
296,303,180,253,279,270,285,289,250,141,225,275,109,149,,
295,305,180,253,278,270,285,289,250,141,225,276,109,154,,
294,305,180,152,277,270,285,289,252,141,270,275,109,162,,
294,306,180,152,275,270,285,289,252,141,270,277,110,162,,
293,306,180,152,270,270,285,289,206,97,180,276,109,162,,
291,306,180,152,270,270,285,243,180,97,180,275,109,162,,
291,306,180,152,270,270,285,243,180,97,180,270,109,162,,
286,307,180,152,270,270,286,243,180,98,180,270,109,162,,
285,307,180,152,265,270,286,243,180,98,180,270,109,162,,
284,310,180,152,264,270,286,240,194,98,180,270,109,162,,
284,310,180,153,262,270,286,240,210,99,180,270,109,162,,
285,311,180,153,263,270,286,237,220,99,180,266,109,162,,
284,311,180,153,263,270,286,237,228,100,180,265,109,162,,
284,311,180,153,263,270,286,239,230,100,180,265,109,162,,
318,312,180,153,263,270,286,237,232,100,229,265,153,162,,
318,313,180,153,263,270,287,237,232,101,233,265,108,162,,
319,312,180,153,262,270,287,236,232,101,233,265,108,162,,
319,313,180,153,262,270,287,236,232,100,270,265,108,162,,
319,313,180,153,262,270,286,236,233,100,270,265,108,162,,
319,313,180,153,262,270,286,236,233,100,270,265,107,162,,
319,315,180,153,262,270,286,234,233,100,270,265,108,162,,
319,313,180,153,262,270,286,234,233,100,270,265,108,162,,
319,313,180,153,262,270,285,234,233,101,270,265,108,162,,
319,313,180,153,262,270,285,233,233,100,270,265,108,162,,
319,313,236,153,262,270,284,233,232,101,270,265,108,162,,
319,313,235,153,262,270,284,233,233,101,270,265,108,162,,
319,313,235,153,262,270,284,233,234,100,270,265,108,162,,
318,284,235,153,262,270,274,233,234,100,270,265,108,162,,
318,284,236,153,262,270,274,234,234,100,270,265,108,162,,
318,284,236,153,262,270,270,234,234,101,270,265,108,162,,
317,284,236,153,262,270,270,236,234,101,270,265,108,162,,
317,284,236,153,262,270,270,236,233,101,270,265,108,155,,
317,286,236,153,262,270,270,236,233,101,270,265,108,150,,
317,288,236,154,261,270,270,237,233,101,270,265,108,148,,
317,291,236,154,262,270,270,239,233,101,255,265,108,162,,
317,296,236,154,262,270,270,240,233,101,258,265,108,169,,
317,297,236,154,262,270,270,240,233,101,262,265,108,233,,
317,302,236,154,262,270,263,240,233,101,266,265,108,230,,
317,300,236,161,279,270,263,144,233,101,268,265,108,243,,
317,296,236,279,279,288,260,,233,101,270,265,108,248,,
317,296,236,286,281,288,260,144,233,101,270,265,108,249,,
317,296,235,286,281,288,260,144,233,101,270,265,108,249,,
318,288,235,286,282,288,259,145,230,119,266,265,108,249,,
319,291,235,287,282,288,259,145,230,121,268,265,108,322,,
319,288,235,287,282,288,262,146,232,121,266,265,108,324,,
319,287,235,287,282,288,262,146,233,118,265,265,108,325,,
315,299,235,287,282,288,262,146,232,115,265,265,108,327,,
317,303,235,288,281,285,264,146,217,113,84,265,108,331,,
321,306,235,288,281,284,264,146,218,114,84,265,108,333,,
321,308,235,288,281,281,263,146,203,114,84,265,108,329,,
319,309,235,288,281,281,263,146,203,115,84,265,108,329,,
315,309,235,288,280,270,263,146,203,117,84,265,108,327,,
317,310,234,288,280,270,263,146,202,117,85,265,108,326,,
318,310,234,288,280,260,263,146,202,118,85,265,108,180,,
308,310,234,288,279,258,264,146,192,116,88,265,108,119,,
303,311,234,288,279,260,264,146,192,116,90,265,108,96,,
309,311,234,288,279,270,264,146,161,115,90,265,108,93,,
305,311,234,288,279,270,270,146,153,111,90,265,109,91,,
306,310,234,288,280,270,264,146,153,108,90,265,109,91,,
300,311,234,288,280,270,279,146,153,107,90,265,109,98,,
323,311,234,288,280,270,279,146,153,115,90,265,108,94,,
324,311,234,288,279,270,278,146,153,122,90,265,108,104,,
323,311,234,288,279,270,270,146,153,127,90,265,108,108,,
324,311,234,288,279,282,270,146,153,133,90,265,108,111,,
326,311,234,288,279,282,264,145,156,133,88,265,108,111,,
326,308,234,288,279,282,265,146,158,141,88,265,108,106,,
327,307,234,288,280,282,260,146,170,147,87,265,108,105,,
326,308,235,288,279,282,264,146,180,150,85,265,108,104,,
327,307,235,288,279,282,270,146,180,150,84,265,108,103,,
327,307,235,288,279,281,265,146,180,149,84,265,108,103,,
331,309,235,288,280,281,265,146,187,150,85,265,108,104,,
330,309,235,288,280,270,270,145,190,150,85,265,108,105,,
329,306,234,288,130,270,273,145,204,150,84,265,108,107,,
329,306,234,288,129,282,270,145,204,150,84,265,108,109,,
327,305,233,288,129,282,274,270,204,150,84,265,108,109,,
326,305,233,288,128,282,274,270,204,150,85,265,108,109,,
327,305,233,288,128,282,277,270,204,149,85,265,108,108,,
327,302,233,289,128,279,276,270,204,149,84,265,108,108,,
328,296,233,289,128,282,277,270,204,149,84,265,108,106,,
327,296,233,290,128,288,279,270,211,149,84,265,108,101,,
328,296,233,290,129,287,279,270,211,149,84,264,108,67,,
327,303,233,290,130,289,277,270,243,149,84,264,108,56,,
327,306,233,290,130,290,280,270,225,150,84,265,108,52,,
328,306,233,290,130,290,281,270,225,151,84,265,108,49,,
329,306,233,290,132,290,281,270,123,151,85,264,108,47,,
329,306,233,290,132,289,280,270,119,149,85,263,108,47,,
329,306,233,290,131,289,281,270,108,149,85,235,108,47,,
328,306,233,291,131,298,280,270,108,149,85,232,109,47,,
329,306,233,291,132,298,283,270,108,150,84,231,108,48,,
329,307,233,291,132,298,284,270,107,149,84,232,108,49,,
328,307,233,291,131,299,284,270,107,150,85,232,108,50,,
327,307,233,291,131,299,284,270,106,150,85,233,108,53,,
327,307,233,291,132,299,284,270,106,149,85,233,108,54,,
327,307,233,290,131,299,284,270,107,149,90,233,108,57,,
327,306,232,290,131,299,284,270,106,148,90,233,108,60,,
327,306,232,290,131,298,284,267,106,149,90,233,108,64,,
329,304,231,291,132,298,283,251,106,149,90,233,108,85,,
329,304,231,290,132,298,284,233,106,148,90,233,108,93,,
329,303,229,289,131,298,149,233,106,149,90,234,108,90,,
329,303,230,289,131,298,149,206,106,148,90,233,108,90,,
329,303,230,289,132,297,149,251,106,149,90,233,108,90,,
328,303,229,289,132,297,149,270,106,149,90,232,108,90,,
327,302,229,289,132,296,149,270,106,148,90,233,108,90,,
327,302,229,289,132,296,149,270,106,149,85,232,108,90,,
326,302,180,289,131,296,150,266,106,149,84,231,108,90,,
326,303,180,289,131,296,150,261,106,149,90,228,108,90,,
326,296,180,289,131,296,150,255,106,149,90,225,108,90,,
325,303,180,289,131,296,150,255,106,149,90,222,108,90,,
326,296,180,288,130,296,150,255,106,149,90,213,108,90,,
327,303,180,284,130,296,156,243,106,149,90,213,108,90,,
326,299,180,162,131,296,156,248,106,149,84,212,108,90,,
325,300,180,162,131,296,156,243,106,149,84,213,108,90,,
324,299,180,307,131,296,160,251,106,149,84,212,108,90,,
323,300,180,307,131,296,161,251,106,149,83,212,108,90,,
323,299,180,307,131,296,159,225,106,149,83,212,108,90,,
323,299,180,307,131,296,159,225,106,149,83,212,108,90,,
323,296,180,307,132,296,159,285,106,149,83,212,108,90,,
323,299,180,307,132,298,156,284,106,112,83,212,108,90,,
323,299,180,307,132,298,155,284,106,116,83,212,108,90,,
323,295,180,307,132,298,153,285,106,118,83,212,108,90,,
325,295,180,307,132,298,153,285,106,116,84,212,108,90,,
325,296,172,307,132,298,153,284,106,118,84,212,108,90,,
327,296,162,307,132,298,153,285,106,116,84,212,108,90,,
324,296,161,307,132,299,153,285,106,110,84,212,108,90,,
326,296,160,307,132,299,147,285,106,111,84,212,108,90,,
325,296,160,307,132,299,147,285,106,108,84,212,108,90,,
326,296,161,307,132,299,147,285,106,107,84,212,108,90,,
324,296,161,307,132,299,145,285,106,105,84,212,108,90,,
325,296,162,307,131,298,145,285,106,104,84,212,109,91,,
324,296,161,307,131,298,145,284,106,103,84,212,109,91,,
324,296,161,307,132,299,145,284,106,107,84,212,109,90,,
323,296,161,307,132,298,145,284,106,107,84,212,109,109,,
325,296,161,307,131,298,145,284,106,105,84,212,109,131,,
324,296,161,307,131,298,145,284,106,104,83,212,109,130,,
321,296,161,307,131,298,145,284,106,102,83,212,109,113,,
321,296,162,307,131,298,145,284,106,98,83,212,109,111,,
321,296,161,307,131,296,145,284,106,97,83,212,109,105,,
321,296,160,307,131,296,146,284,106,95,83,212,109,107,,
320,296,161,307,131,296,145,284,106,90,83,212,109,99,,
321,296,161,307,132,296,146,281,106,86,83,212,109,95,,
320,296,161,307,132,296,146,278,106,84,83,212,109,97,,
320,296,161,307,131,294,146,275,106,82,83,212,109,106,,
320,296,180,307,132,293,146,270,106,81,83,212,109,110,,
320,296,180,307,132,293,147,270,106,81,83,212,109,110,,
320,296,180,307,132,294,150,270,106,79,83,212,109,112,,
320,296,180,307,132,294,150,270,106,78,83,212,109,105,,
320,296,180,307,131,296,153,262,106,77,83,212,109,97,,
320,296,180,307,131,296,153,262,106,76,83,212,109,107,,
320,296,180,307,132,296,155,262,106,74,84,212,108,53,,
320,296,180,307,132,296,159,276,106,71,84,212,108,47,,
320,296,180,307,131,296,160,276,106,71,90,212,108,58,,
320,296,180,307,131,296,164,275,106,70,90,212,108,55,,
320,296,180,307,132,296,172,275,106,70,90,212,108,45,,
320,296,180,322,132,296,180,275,106,69,84,212,108,42,,
320,303,180,321,132,296,180,274,106,70,84,212,108,41,,
320,303,180,320,132,296,180,251,106,68,84,212,108,43,,
320,303,180,320,132,296,180,261,106,68,84,212,108,42,,
320,303,180,320,132,296,180,258,106,68,84,212,108,40,,
320,303,180,319,132,296,180,258,106,68,83,212,108,40,,
320,303,180,319,132,296,180,260,106,68,83,212,108,41,,
320,303,180,318,132,296,180,270,106,68,83,212,108,43,,
320,303,180,318,132,296,180,270,106,69,83,212,108,45,,
320,303,178,317,131,296,180,270,106,69,83,212,108,43,,
320,303,180,310,131,296,180,270,106,68,83,212,108,43,,
320,303,180,308,131,296,180,270,106,69,83,212,108,45,,
320,303,180,308,131,296,180,270,106,69,83,212,108,49,,
320,303,180,308,131,296,180,270,106,68,83,212,108,50,,
320,303,180,307,131,296,180,274,106,68,83,212,108,46,,
320,303,180,307,132,296,180,274,106,69,83,212,108,47,,
308,303,180,307,132,296,180,274,106,68,83,212,108,46,,
308,303,180,307,131,296,180,274,106,69,83,212,109,50,,
308,303,180,307,131,296,180,274,106,69,83,212,109,54,,
308,303,180,306,132,296,180,270,106,69,83,212,109,48,,
308,303,180,306,132,296,180,270,106,69,83,212,109,47,,
308,303,180,306,131,296,180,198,106,69,83,212,108,44,,
308,303,180,306,131,287,180,172,106,69,83,212,109,47,,
308,303,180,306,132,286,180,143,106,69,83,212,109,54,,
308,303,180,306,132,286,180,139,106,69,83,212,108,50,,
308,303,173,306,131,286,180,139,106,53,83,212,108,49,,
308,303,166,307,131,287,180,134,106,53,83,212,109,46,,
308,302,159,307,132,288,180,130,106,56,83,212,109,50,,
308,302,157,307,132,290,180,126,106,60,83,212,109,54,,
308,302,157,307,132,291,180,125,106,71,83,212,109,48,,
308,302,157,308,132,291,180,125,106,66,83,212,109,49,,
308,302,156,308,131,288,180,124,106,83,83,212,109,46,,
308,302,156,309,131,288,180,122,106,80,83,212,109,61,,
308,302,156,308,131,289,180,121,106,90,83,212,109,74,,
308,302,156,309,131,289,180,118,106,91,83,212,109,77,,
308,302,156,309,129,289,180,118,106,93,83,212,108,88,,
308,295,156,309,129,291,180,117,106,98,83,212,108,60,,
308,294,156,309,128,292,180,115,106,99,75,212,108,70,,
308,295,156,309,131,291,180,115,106,106,75,212,108,77,,
308,295,156,309,134,291,180,115,106,108,78,212,108,90,,
308,295,156,310,133,291,180,115,107,116,75,212,107,109,,
308,295,156,311,134,291,180,113,107,111,74,212,107,92,,
308,295,156,311,135,291,180,112,107,112,82,212,107,85,,
308,295,156,311,140,291,180,112,107,113,82,212,107,81,,
308,293,156,311,148,291,180,111,107,112,80,212,107,99,,
308,292,156,311,152,291,180,111,106,111,90,212,107,114,,
308,291,156,311,155,291,180,111,106,108,90,212,107,132,,
308,290,156,312,156,288,180,111,107,107,90,212,107,121,,
308,288,156,312,156,288,180,111,107,104,90,212,107,114,,
308,287,156,207,156,288,180,110,107,102,90,212,108,113,,
307,285,156,207,156,287,180,110,107,102,90,212,108,112,,
315,284,156,206,156,288,180,110,107,101,90,212,108,114,,
315,284,156,206,156,236,180,110,107,101,90,212,108,121,,
315,282,156,206,156,236,180,110,107,100,90,212,108,116,,
315,278,156,205,156,236,180,110,107,100,180,212,108,131,,
315,277,156,205,157,236,180,110,107,100,180,212,107,128,,
315,180,156,205,157,236,180,110,107,100,180,212,109,126,,
315,180,156,205,157,236,180,110,109,100,180,212,106,87,,
315,180,156,205,157,236,180,110,109,100,180,212,107,70,,
315,180,156,205,157,236,180,110,112,100,180,212,106,59,,
315,180,156,205,157,236,180,110,112,100,180,212,106,59,,
315,180,156,205,156,213,180,110,112,100,180,212,107,83,,
315,180,156,205,156,213,180,110,138,100,180,212,106,52,,
315,180,156,205,156,206,180,110,138,100,180,213,106,54,,
315,180,156,204,156,206,180,110,274,101,180,213,107,49,,
315,180,156,204,156,206,180,110,279,101,180,212,107,45,,
315,180,156,204,156,206,180,110,279,101,180,213,108,45,,
313,180,157,204,156,206,180,111,279,101,180,213,108,44,,
313,180,157,204,156,206,180,111,270,100,180,213,108,45,,
312,180,157,203,157,206,180,110,270,100,180,213,108,45,,
285,180,157,203,157,206,180,110,153,99,180,213,108,43,,
146,180,157,202,157,206,180,109,146,100,180,213,108,42,,
139,180,157,202,158,206,180,109,140,100,180,213,108,42,,
139,180,157,202,158,213,180,109,141,99,180,213,108,42,,
225,180,157,202,158,213,180,109,141,100,180,213,109,42,,
216,180,157,202,158,213,180,109,138,98,180,213,108,41,,
270,180,157,204,158,213,180,109,136,97,180,213,108,41,,
260,180,157,204,158,225,180,109,135,98,180,213,108,42,,
243,282,157,204,158,225,180,109,135,104,180,213,108,43,,
243,286,157,205,159,225,180,109,135,104,180,213,108,45,,
180,286,157,205,158,213,180,109,124,105,180,213,108,44,,
180,286,157,305,158,213,180,109,126,105,180,213,108,46,,
142,285,157,307,158,206,180,111,122,105,206,213,108,111,,
142,286,157,307,158,206,180,,120,105,206,213,108,111,,
143,286,157,307,158,206,180,111,126,105,198,213,108,111,,
141,286,157,309,158,206,180,108,126,105,213,213,105,111,,
141,286,157,308,158,206,180,108,126,104,206,214,105,111,,
140,287,157,308,157,225,180,109,120,104,198,215,106,111,,
141,287,157,308,157,216,180,106,120,102,198,213,106,111,,
141,284,157,309,156,216,180,104,111,102,200,213,106,111,,
141,278,157,309,156,225,180,95,111,98,198,214,106,111,,
141,270,157,310,156,231,180,95,111,98,203,213,106,111,,
141,270,157,311,156,225,180,75,114,96,219,213,106,111,,
296,270,157,311,156,231,180,75,114,97,225,213,106,111,,
297,270,157,312,157,231,180,71,116,98,225,213,106,111,,
297,270,157,312,157,231,180,63,110,99,270,213,106,111,,
298,270,157,311,157,225,180,63,110,99,270,214,106,111,,
298,273,157,311,157,225,180,63,110,116,255,214,106,111,,
299,273,157,311,157,225,180,63,106,116,255,214,106,111,,
300,273,157,311,156,225,180,63,106,120,195,214,106,111,,
301,310,157,312,156,225,180,45,107,122,194,215,106,111,,
299,309,157,312,156,225,180,45,107,123,194,215,106,111,,
301,309,157,313,157,225,180,45,107,125,194,215,107,111,,
300,309,157,313,156,225,180,45,107,126,194,214,107,111,,
297,309,157,313,157,225,165,45,107,128,193,214,107,111,,
149,309,157,313,156,225,165,45,108,127,193,214,108,111,,
145,309,157,313,156,225,165,45,108,126,193,219,108,111,,
139,309,180,313,156,225,165,45,111,126,193,225,108,111,,
293,309,180,313,156,225,165,45,106,126,193,216,108,111,,
293,309,180,313,165,225,165,45,106,128,193,212,108,111,,
293,309,180,313,165,225,165,45,108,128,193,281,108,111,,
293,309,180,315,165,225,165,45,111,130,192,280,108,111,,
293,309,180,315,165,210,165,45,113,135,192,279,108,111,,
293,309,180,315,165,210,165,45,108,135,192,135,108,111,,
296,310,180,316,165,206,165,,108,135,192,279,107,111,,
318,309,180,317,164,198,165,,108,140,191,249,108,111,,
318,309,180,318,164,201,165,,111,142,189,130,109,43,,
318,309,180,320,164,206,165,,116,147,182,137,109,41,,
318,309,180,320,164,206,165,,116,147,182,116,109,41,,
318,309,180,322,164,201,164,,109,147,173,116,109,42,,
318,309,180,324,164,233,163,,109,131,142,116,109,42,,
318,309,180,323,164,213,164,,124,132,142,116,109,45,,
318,309,180,323,164,213,164,,124,128,142,118,109,48,,
318,309,180,323,165,213,165,,124,127,142,120,109,56,,
318,309,180,320,166,218,180,,109,127,143,120,109,51,,
318,309,180,319,167,225,180,,109,124,270,119,109,47,,
318,310,180,318,167,230,180,,113,124,284,120,109,47,,
318,310,180,317,167,231,180,,124,124,285,120,109,47,,
318,310,180,317,167,231,180,,124,123,285,120,109,48,,
318,310,180,316,167,239,180,,109,123,285,120,109,48,,
318,310,180,312,167,239,180,,109,124,285,120,109,48,,
318,310,180,308,167,239,180,,111,110,285,120,110,48,,
318,310,180,307,167,239,180,,123,109,285,120,111,48,,
318,309,180,307,167,239,180,,109,108,285,122,111,48,,
318,310,170,307,167,243,180,,109,108,284,122,111,48,,
318,310,180,307,168,243,180,,109,107,283,122,111,48,,
318,310,171,307,168,251,180,,125,107,270,122,111,48,,
318,309,180,308,168,251,180,,120,108,180,122,112,48,,
318,310,156,308,168,251,180,,110,108,180,122,111,48,,
318,310,180,308,168,255,180,,109,108,180,122,112,48,,
318,309,155,309,168,255,180,,110,109,156,122,112,48,,
318,309,180,309,168,255,180,,119,111,142,122,113,48,,
318,310,156,309,167,254,180,,123,110,136,122,113,48,,
318,284,180,309,167,254,180,,112,110,136,122,113,48,,
318,284,180,310,167,254,180,,113,109,158,122,113,83,,
318,284,180,310,167,255,180,,114,110,281,122,113,147,,
318,284,180,311,167,255,180,,114,110,284,122,113,145,,
318,284,180,312,251,254,180,,132,110,285,122,112,140,,
318,284,180,312,251,255,180,,132,110,285,122,112,132,,
318,284,180,313,251,255,180,,140,110,286,122,112,124,,
318,284,180,314,251,254,180,,143,110,298,122,112,120,,
318,284,180,315,253,254,180,,175,112,305,122,112,106,,
319,283,180,315,254,254,180,,175,112,306,122,111,109,,
319,282,180,315,254,251,180,,182,113,306,122,111,109,,
319,281,180,315,254,251,180,,192,116,306,122,111,111,,
318,280,180,317,254,251,180,,199,116,306,122,110,113,,
318,280,180,320,254,251,180,,205,116,306,122,109,116,,
311,278,180,320,254,251,180,,206,116,306,122,108,119,,
303,270,180,320,254,251,180,,207,116,306,122,108,119,,
303,270,180,319,254,251,180,,208,116,306,122,108,121,,
303,270,180,319,254,251,180,,209,116,305,122,107,122,,
303,270,180,302,254,251,180,,210,117,305,120,106,123,,
303,270,180,302,254,251,180,,210,117,306,120,105,123,,
303,270,180,302,255,251,180,,210,117,306,120,105,124,,
303,270,180,301,257,251,180,,210,117,306,120,102,124,,
303,270,180,302,255,251,180,,210,117,306,120,98,125,,
302,270,180,302,257,251,180,,213,117,306,120,96,124,,
302,270,180,302,258,251,180,,214,117,306,120,92,125,,
302,270,180,302,258,251,180,,214,117,306,120,92,125,,
303,270,180,302,258,251,180,,214,117,306,120,90,125,,
303,270,180,302,258,251,180,,214,117,306,120,92,125,,
303,299,180,302,257,251,180,,216,118,306,120,92,126,,
302,298,180,302,257,251,180,,217,117,306,120,93,126,,
303,298,180,302,257,251,180,,218,118,306,120,93,126,,
303,297,180,302,257,251,114,,218,118,306,120,92,127,,
303,295,180,302,258,251,114,,218,118,306,120,92,127,,
302,295,180,302,257,251,114,,218,118,306,120,94,127,,
302,295,180,302,258,251,114,,218,118,306,121,93,127,,
302,296,180,302,258,251,114,,218,118,306,122,93,127,,
302,297,180,302,258,251,114,,218,118,306,125,92,126,,
301,300,180,302,258,248,114,,218,118,306,126,95,126,,
300,306,180,302,257,248,114,,218,118,306,125,98,126,,
295,308,180,302,257,248,113,,218,148,306,125,98,126,,
110,308,180,302,257,243,114,,218,148,306,125,98,126,,
110,303,180,302,257,243,113,,218,148,306,125,102,127,,
113,302,180,302,145,243,114,,217,148,306,125,104,127,,
300,305,180,302,145,243,113,,217,147,306,125,104,127,,
300,307,180,302,144,243,113,,217,147,306,124,105,126,,
300,306,180,302,144,236,114,,217,147,306,125,105,126,,
300,304,180,302,144,236,113,,218,145,306,125,105,126,,
298,304,180,302,144,239,113,,218,145,305,126,104,126,,
298,303,180,302,144,239,113,,220,145,305,126,105,126,,
298,303,180,302,144,239,113,,220,146,306,126,106,126,,
299,303,180,302,143,236,114,,221,146,306,126,106,125,,
300,303,180,302,143,236,114,,221,146,306,125,106,125,,
302,303,180,302,142,236,114,,222,146,306,126,107,125,,
306,303,180,302,141,236,114,,227,153,306,138,107,125,,
307,303,180,302,139,236,114,,231,153,306,138,107,125,,
307,303,180,302,139,236,114,,240,154,306,138,107,125,,
307,303,180,302,139,236,114,,249,154,306,138,107,124,,
308,303,180,302,138,233,114,,255,153,306,138,107,124,,
310,304,180,302,139,233,114,,270,153,306,138,107,124,,
310,304,180,302,138,233,114,,273,153,306,138,107,124,,
312,303,180,302,139,233,114,,279,153,306,138,107,124,,
312,303,180,302,139,231,114,,284,153,306,138,107,124,,
313,304,180,302,138,225,114,,284,152,306,138,106,123,,
310,304,180,302,139,225,114,,284,153,306,137,106,123,,
306,305,180,302,139,225,114,,286,150,307,131,106,123,,
304,306,180,302,139,216,114,,286,150,307,131,106,123,,
304,304,180,302,139,216,115,,287,150,306,131,107,123,,
304,303,180,302,139,225,115,,287,149,307,131,107,123,,
304,303,180,302,140,225,116,,286,148,307,131,107,123,,
303,305,180,302,140,225,116,,286,148,307,131,106,123,,
303,305,180,301,141,225,116,,286,148,307,131,106,122,,
303,307,180,301,141,270,117,,285,147,306,131,105,122,,
303,307,180,300,143,270,117,,285,147,307,131,103,122,,
304,302,180,301,144,270,116,,284,147,307,131,102,122,,
304,302,180,301,151,270,116,,284,147,307,131,101,122,,
303,302,180,301,153,270,116,,284,147,307,131,101,122,,
304,302,180,301,153,270,118,,284,147,306,131,97,122,,
305,302,180,301,158,270,118,,284,147,306,131,93,122,,
306,302,180,301,159,270,108,,282,147,306,131,95,122,,
307,302,180,301,163,270,108,,282,147,307,133,98,122,,
307,302,180,301,165,270,109,,282,147,307,135,98,122,,
306,302,180,300,170,270,110,,282,147,307,131,98,122,,
304,302,180,301,174,270,111,,282,147,307,131,99,122,,
303,302,180,301,180,270,113,,282,147,307,135,104,122,,
304,301,180,300,185,270,113,,282,147,307,138,105,122,,
303,302,165,300,190,270,114,,282,147,307,139,105,122,,
307,302,166,300,193,251,114,,282,147,307,146,105,122,,
311,302,180,299,195,251,114,,282,147,307,150,105,122,,
303,302,180,294,196,251,115,,284,146,307,153,105,122,,
302,302,180,285,197,243,115,,284,146,307,155,105,122,,
304,302,180,285,198,251,115,,284,146,307,155,105,122,,
303,302,180,279,198,248,116,,284,146,307,155,104,122,,
304,302,180,293,296,255,116,,284,146,307,155,104,122,,
303,302,180,298,291,255,116,,284,146,307,155,105,122,,
303,302,180,298,291,255,116,,284,146,307,155,105,122,,
303,302,180,297,288,270,116,,284,146,307,153,105,122,,
303,304,180,298,288,270,116,,284,146,307,150,105,122,,
303,304,180,299,288,258,115,,284,90,307,150,105,122,,
303,304,180,300,286,258,115,,283,90,307,150,104,122,,
303,304,180,302,285,258,115,,283,90,307,150,104,122,,
303,304,177,302,284,270,115,,284,86,307,150,104,122,,
303,304,176,302,284,270,115,,284,86,307,150,95,122,,
303,304,174,302,278,270,115,,284,90,307,150,90,122,,
302,304,171,302,278,270,115,,282,90,307,150,90,122,,
303,304,172,302,273,270,115,,281,90,307,122,92,122,,
302,304,180,302,270,270,115,,281,86,307,122,92,122,,
303,304,180,302,270,270,115,,281,85,306,122,92,122,,
302,304,180,303,249,243,115,,281,84,307,122,92,122,,
302,304,180,111,228,243,115,,282,84,307,122,92,122,,
303,304,180,111,206,243,115,,282,81,306,122,92,122,,
302,304,180,111,180,243,115,,282,81,306,122,92,122,,
305,304,180,111,169,243,115,,282,80,306,123,90,123,,
305,304,180,111,154,243,115,,281,77,306,123,90,123,,
305,304,180,111,149,243,115,,281,77,306,122,94,123,,
305,304,180,111,147,243,115,,281,77,306,123,101,123,,
305,304,180,111,146,248,115,,281,81,306,123,101,123,,
305,304,180,111,145,248,115,,281,81,306,123,103,123,,
305,304,180,111,144,251,115,,281,82,304,123,102,120,,
305,304,180,111,144,251,115,,282,82,304,123,103,120,,
305,304,180,111,144,251,115,,282,82,302,122,100,116,,
305,304,180,111,144,248,115,,282,84,302,122,101,119,,
305,304,176,111,150,248,115,,281,84,302,122,99,,,
305,304,173,111,158,248,115,,281,85,306,122,101,,,
305,304,175,111,161,248,146,,281,85,306,122,104,,,
305,304,176,111,163,248,146,,280,85,307,122,104,,,
305,304,174,111,159,243,147,,280,90,307,122,104,,,
305,304,170,111,153,243,147,,280,85,307,122,104,,,
305,304,170,110,151,243,147,,280,85,307,122,103,,,
305,304,168,110,152,243,147,,281,84,307,122,102,,,
305,304,170,110,156,243,147,,281,85,308,122,100,,,
305,304,172,110,159,243,147,,281,84,308,122,100,,,
305,304,176,110,160,243,147,,281,83,308,122,94,,,
305,304,174,110,160,243,147,,281,82,308,122,91,,,
305,304,175,110,160,243,148,,280,81,308,122,90,,,
305,304,180,110,159,243,148,,279,81,308,122,90,,,
305,304,180,110,159,233,148,,280,80,308,122,90,,,
305,304,180,110,159,233,147,,281,80,308,121,90,,,
305,304,180,111,159,233,147,,281,79,286,121,90,,,
305,304,180,111,159,231,148,,280,78,286,117,90,,,
305,304,180,111,159,225,148,,280,78,286,112,90,,,
305,304,180,111,158,225,148,,281,78,286,104,90,,,
305,304,180,111,158,225,148,,281,78,286,104,90,,,
305,304,180,110,159,225,148,,280,78,286,102,90,,,
305,304,180,110,159,225,149,,278,78,286,102,91,,,
305,304,180,111,159,225,149,,278,78,286,101,92,,,
305,304,180,111,159,236,150,,279,78,286,101,92,,,
305,304,180,111,159,236,149,,279,78,286,101,92,,,
305,304,180,111,159,236,149,,279,78,286,101,91,,,
305,304,180,111,159,236,150,,280,78,286,105,92,,,
305,304,180,111,159,236,150,,280,78,286,105,95,,,
305,304,180,111,159,236,150,,280,78,286,63,95,,,
305,304,180,306,159,236,151,,278,78,286,63,95,,,
305,304,180,306,159,236,151,,278,78,286,341,95,,,
305,304,180,306,160,236,151,,278,78,286,340,100,,,
305,187,180,306,160,236,151,,277,78,285,339,102,,,
305,187,180,306,162,236,151,,277,78,285,338,102,,,
305,187,180,305,175,236,151,,278,78,283,338,100,,,
305,187,180,305,203,236,151,,278,77,282,339,96,,,
305,187,180,305,230,270,154,,280,120,282,337,100,,,
305,187,180,305,286,270,154,,280,180,282,338,102,,,
305,187,180,305,300,225,153,,280,270,282,337,102,,,
305,187,180,305,306,191,152,,279,316,282,337,104,,,
305,187,176,304,310,180,152,,279,321,282,333,104,,,
305,187,176,304,315,180,149,,278,322,282,333,105,,,
304,187,180,304,318,149,149,,278,323,282,336,105,,,
304,187,180,304,319,142,149,,277,323,282,336,105,,,
304,186,180,305,319,135,136,,277,323,282,336,105,,,
304,186,192,305,320,135,137,,277,323,282,338,105,,,
304,186,208,305,320,108,137,,278,323,282,341,105,,,
311,186,200,304,320,90,137,,278,324,282,341,105,,,
311,186,189,304,321,90,137,,280,324,282,342,105,,,
311,186,180,305,321,63,137,,280,325,282,342,105,,,
311,186,180,305,321,63,136,,280,325,282,344,105,,,
311,187,180,305,322,90,136,,279,325,282,344,107,,,
311,187,180,305,322,90,136,,279,325,282,344,107,,,
311,187,176,305,321,63,135,,280,325,282,344,107,,,
311,187,176,304,321,63,133,,280,325,282,344,107,,,
311,187,180,304,322,90,132,,281,325,282,340,107,,,
311,187,180,304,322,90,131,,280,326,282,333,107,,,
311,187,180,304,321,90,131,,280,326,281,333,106,,,
311,187,180,304,321,90,131,,280,326,281,333,106,,,
311,187,180,304,321,90,131,,286,326,280,321,106,,,
311,187,180,304,321,56,131,,287,326,282,296,105,,,
310,187,180,304,321,45,131,,292,325,282,296,106,,,
310,188,180,304,321,45,131,,292,325,281,261,106,,,
310,188,180,304,321,90,131,,293,325,281,261,106,,,
310,189,199,304,321,90,132,,305,326,280,261,107,,,
310,194,199,304,321,133,132,,305,326,285,253,107,,,
310,225,199,304,321,139,133,,309,326,284,252,106,,,
310,243,199,304,151,138,133,,308,326,282,252,106,,,
310,243,199,304,151,138,135,,308,326,282,252,106,,,
310,243,199,304,150,138,270,,294,326,283,250,105,,,
310,225,199,304,150,139,240,,292,326,282,249,105,,,
310,236,199,304,150,141,209,,292,329,282,249,104,,,
310,225,199,304,150,143,209,,291,328,284,248,104,,,
310,225,199,304,150,141,191,,289,329,284,248,104,,,
310,225,199,304,150,142,180,,289,329,283,248,104,,,
310,225,199,304,150,143,180,,288,329,284,248,104,,,
310,225,199,304,150,143,180,,286,116,283,248,104,,,
310,236,199,304,150,142,180,,284,113,284,248,104,,,
310,236,200,304,150,142,180,,284,110,284,248,104,,,
310,243,200,304,150,142,180,,284,108,283,246,104,,,
310,243,200,304,150,142,180,,283,104,282,246,100,,,
310,243,200,304,150,141,180,,283,87,282,248,99,,,
309,243,200,304,150,142,180,,283,72,282,248,100,,,
125,243,200,304,150,141,180,,282,70,282,249,100,,,
126,243,200,304,150,141,180,,283,70,281,250,101,,,
133,243,199,304,150,143,180,,289,63,281,240,99,,,
133,243,199,304,150,143,180,,289,51,279,239,100,,,
123,243,198,304,150,143,180,,289,61,278,239,101,,,
127,243,197,304,293,140,180,,289,78,278,238,101,,,
126,243,197,304,292,140,180,,290,79,276,237,98,,,
126,243,195,304,291,141,180,,290,98,276,231,96,,,
125,243,194,304,290,140,180,,291,111,275,231,94,,,
130,243,196,304,290,139,180,,291,115,139,231,95,,,
130,243,197,304,289,138,180,,290,115,139,206,95,,,
130,243,198,304,289,138,180,,291,115,127,206,97,,,
136,243,198,304,289,139,180,,291,116,7,198,95,,,
138,243,200,304,289,138,180,,291,119,4,192,93,,,
180,243,200,304,290,138,180,,290,119,0,194,90,,,
180,243,199,304,290,138,180,,290,118,0,194,90,,,
180,243,198,304,290,138,180,,290,118,303,200,90,,,
180,243,198,304,291,138,180,,290,120,304,195,90,,,
180,243,198,304,292,138,180,,290,122,180,189,90,,,
180,300,198,304,292,138,180,,290,121,145,189,90,,,
180,300,198,304,293,138,180,,290,119,144,195,90,,,
180,300,198,304,293,138,169,,290,119,143,189,91,,,
180,300,199,304,293,138,163,,289,118,153,175,92,,,
180,300,200,305,294,138,160,,288,117,153,156,96,,,
180,300,201,305,294,138,160,,288,117,153,156,101,,,
180,291,201,305,294,138,158,,288,118,153,146,101,,,
180,291,201,305,294,138,156,,288,118,156,146,104,,,
180,291,201,305,295,138,154,,288,117,161,157,105,,,
180,291,201,305,295,139,154,,288,117,161,157,106,,,
180,291,201,305,296,140,154,,289,117,156,157,106,,,
180,291,201,304,296,140,153,,289,118,156,156,106,,,
180,291,201,304,296,140,152,,289,118,158,156,107,,,
180,291,201,304,296,140,152,,288,119,213,117,107,,,
161,284,201,304,294,153,151,,288,121,210,97,107,,,
315,284,201,304,294,153,151,,289,122,243,97,107,,,
315,284,201,304,295,153,149,,289,122,243,38,107,,,
315,284,201,304,294,154,149,,289,122,243,30,108,,,
315,284,201,304,294,154,149,,289,123,251,30,108,,,
315,284,201,304,294,153,148,,289,142,258,30,108,,,
315,284,201,304,294,153,148,,290,149,246,30,108,,,
311,284,201,304,293,153,149,,290,146,246,33,108,,,
311,284,201,304,293,152,148,,290,147,246,33,108,,,
311,284,201,304,293,152,146,,289,180,130,35,108,,,
311,284,199,304,291,152,145,,289,320,128,35,108,,,
310,284,199,304,291,152,145,,289,317,116,34,108,,,
310,284,199,304,291,152,145,,289,225,116,36,108,,,
310,284,199,304,291,151,288,,289,206,116,33,108,,,
310,282,199,304,291,152,289,,289,281,99,30,108,,,
310,280,199,304,291,152,290,,289,319,99,30,108,,,
310,280,199,304,291,152,290,,288,165,99,30,108,,,
310,279,199,304,293,152,290,,288,126,99,30,108,,,
310,278,199,304,292,153,290,,288,125,99,30,108,,,
310,278,199,304,292,153,290,,288,124,251,112,108,,,
310,277,199,304,291,152,289,,289,121,252,112,108,,,
310,276,199,304,293,153,289,,289,118,278,112,109,,,
310,276,199,304,293,153,289,,289,117,278,112,109,,,
310,276,199,304,294,152,289,,289,117,277,112,109,,,
310,276,199,304,294,152,288,,289,115,278,112,109,,,
310,276,199,304,293,152,180,,289,108,278,112,110,,,
310,276,199,304,293,152,180,,289,101,287,112,110,,,
310,276,199,304,293,152,180,,289,90,287,112,111,,,
309,277,199,304,293,152,180,,289,88,287,112,111,,,
313,277,199,304,296,152,180,,289,71,284,112,111,,,
313,277,203,304,296,152,180,,289,62,284,112,111,,,
312,277,203,304,296,152,180,,289,76,282,111,112,,,
312,276,205,304,296,152,180,,289,90,282,109,112,,,
312,276,205,304,296,152,180,,289,90,281,106,112,,,
312,276,202,304,296,152,180,,289,106,243,108,112,,,
312,277,202,304,296,303,180,,289,90,243,111,112,,,
312,276,202,304,295,303,180,,289,90,99,109,112,,,
313,276,202,304,293,303,180,,289,90,99,109,112,,,
313,276,202,304,293,303,180,,289,90,98,108,112,,,
313,276,202,304,293,303,180,,289,90,100,106,112,,,
313,277,202,304,292,303,180,,290,90,100,104,112,,,
313,277,202,304,292,303,180,,290,88,272,104,112,,,
313,278,158,304,292,303,180,,290,88,272,103,112,,,
313,311,158,304,292,304,180,,290,88,272,109,111,,,
313,310,158,304,292,304,180,,290,90,287,112,111,,,
313,310,158,304,292,304,285,,290,88,287,113,111,,,
312,310,158,304,293,304,285,,290,88,288,114,111,,,
313,310,158,304,293,304,285,,290,90,288,114,111,,,
296,310,158,304,293,304,285,,290,90,287,115,111,,,
296,310,158,304,293,304,285,,290,90,288,115,111,,,
296,310,158,304,293,304,286,,290,90,288,114,111,,,
296,310,158,304,293,304,286,,290,90,288,114,111,,,
296,310,158,304,293,304,286,,290,88,288,114,111,,,
296,311,158,304,180,305,286,,290,88,288,116,111,,,
296,311,158,304,172,305,286,,290,88,288,119,111,,,
296,309,158,304,172,305,284,,290,88,288,124,111,,,
296,309,158,304,171,305,285,,290,88,287,124,111,,,
296,304,158,304,170,305,285,,290,88,287,123,111,,,
300,304,158,304,172,305,284,,290,88,287,122,111,,,
310,302,158,304,171,305,284,,290,88,288,122,111,,,
310,302,158,304,170,305,283,,290,88,288,123,111,,,
310,303,158,304,171,305,282,,290,88,287,124,111,,,
310,303,158,304,172,305,282,,290,88,287,125,111,,,
310,302,158,304,171,306,284,,290,88,287,122,111,,,
310,301,158,304,169,306,284,,290,88,287,105,111,,,
310,303,158,304,170,306,285,,290,88,287,68,111,,,
310,303,158,304,171,306,284,,290,95,288,48,111,,,
310,303,158,304,172,305,284,,290,95,288,49,111,,,
310,303,158,304,169,305,285,,290,96,288,47,111,,,
310,302,158,304,170,305,285,,290,98,288,43,111,,,
310,302,158,304,170,305,286,,290,98,288,48,111,,,
307,303,158,304,171,305,287,,290,99,288,48,111,,,
306,303,158,304,173,305,287,,290,99,288,41,111,,,
305,302,158,304,173,305,286,,290,100,287,29,111,,,
305,303,162,304,171,305,286,,290,100,288,41,111,,,
304,303,162,304,171,155,286,,290,101,287,37,110,,,
304,300,162,304,171,155,287,,290,101,287,41,110,,,
304,300,162,304,171,155,287,,290,102,287,37,110,,,
304,300,162,304,171,155,287,,290,103,287,33,110,,,
304,301,162,304,172,155,287,,290,104,287,33,109,,,
304,299,163,304,172,155,287,,290,104,287,36,109,,,
305,298,163,304,169,155,285,,290,104,287,37,109,,,
305,303,162,304,165,155,285,,188,104,287,36,109,,,
304,303,162,304,163,155,285,,188,104,288,37,109,,,
304,304,162,304,164,156,286,,187,104,289,37,109,,,
304,303,162,304,164,156,287,,188,104,291,41,109,,,
304,306,162,304,165,156,287,,188,104,291,41,109,,,
304,306,162,304,164,156,287,,188,104,291,36,109,,,
304,201,162,304,164,155,288,,188,104,293,36,109,,,
304,201,162,304,164,155,288,,188,104,299,36,108,,,
304,201,162,304,164,154,288,,188,104,301,36,108,,,
304,201,162,304,164,154,288,,188,104,303,45,109,,,
304,201,162,304,164,154,288,,188,104,303,93,109,,,
304,201,162,140,167,154,288,,188,113,306,94,109,,,
304,201,162,141,167,154,288,,188,113,306,95,108,,,
304,201,162,141,165,154,287,,188,113,308,94,108,,,
304,201,162,141,166,154,287,,188,113,308,93,108,,,
304,201,162,141,168,154,287,,188,113,308,92,108,,,
304,201,162,141,180,154,287,,188,113,308,93,109,,,
304,201,162,141,166,154,286,,188,112,308,94,109,,,
305,201,162,141,164,154,285,,186,113,308,95,109,,,
305,201,162,141,163,154,285,,186,112,308,94,109,,,
306,201,162,141,162,154,285,,186,112,308,92,109,,,
306,201,162,141,176,154,285,,185,112,308,93,109,,,
138,201,162,141,180,154,285,,185,112,304,94,109,,,
138,200,162,141,180,154,286,,185,112,304,95,109,,,
138,198,162,141,180,154,286,,185,112,303,94,109,,,
138,194,162,141,180,154,286,,184,112,303,93,109,,,
138,194,162,141,180,153,286,,184,112,303,93,108,,,
138,194,162,141,284,153,286,,185,112,304,94,109,,,
138,194,162,141,284,153,286,,184,111,304,95,109,,,
138,194,162,141,284,152,286,,174,111,304,96,109,,,
138,194,162,141,284,152,286,,243,111,304,90,109,,,
139,194,162,141,284,139,286,,243,111,303,39,109,,,
139,194,162,141,284,139,286,,243,110,303,48,109,,,
139,194,162,141,284,139,287,,237,111,303,98,109,,,
139,194,162,141,284,135,287,,236,111,303,101,109,,,
139,192,162,141,284,135,287,,236,111,303,119,109,,,
139,192,180,141,285,130,287,,206,111,303,124,109,,,
139,192,180,141,285,131,287,,206,111,303,138,109,,,
139,192,180,306,285,131,288,,207,111,303,129,109,,,
139,192,180,306,285,123,287,,190,111,303,120,109,,,
139,305,180,306,285,123,287,,191,111,303,101,109,,,
140,304,180,307,285,120,287,,201,111,303,100,109,,,
140,305,180,307,285,120,288,,198,111,303,97,109,,,
140,305,180,307,285,120,288,,201,112,304,69,109,,,
140,305,180,307,285,126,288,,199,112,304,96,109,,,
140,305,180,308,285,126,288,,200,112,303,100,109,,,
140,305,180,308,285,129,288,,199,112,304,111,109,,,
140,305,180,308,285,128,288,,198,111,304,144,109,,,
140,306,180,308,286,128,288,,198,112,304,144,109,,,
140,305,180,308,286,129,288,,195,112,304,144,109,,,
140,305,180,308,286,129,288,,195,112,304,144,109,,,
140,305,180,308,286,126,288,,198,112,304,144,109,,,
140,305,180,306,285,126,288,,199,112,304,144,109,,,
140,305,180,306,286,126,288,,203,111,304,144,109,,,
141,305,180,303,286,128,286,,204,111,304,155,109,,,
225,305,180,303,286,128,286,,206,111,304,180,109,,,
315,304,180,303,286,125,286,,206,111,304,180,109,,,
315,304,180,296,285,125,287,,206,111,304,180,109,,,
315,305,180,296,288,125,289,,206,111,304,180,110,,,
315,305,180,296,270,150,290,,206,111,304,180,111,,,
315,305,180,296,258,150,290,,180,111,304,180,111,,,
315,305,180,296,254,149,292,,180,111,304,180,111,,,
315,305,180,305,254,149,294,,180,111,304,180,111,,,
315,304,180,305,254,149,297,,180,110,304,180,111,,,
316,304,180,303,254,148,298,,180,110,304,180,111,,,
316,304,180,303,255,148,298,,178,110,304,180,111,,,
316,304,180,303,255,149,294,,178,110,304,180,111,,,
316,304,180,296,255,149,246,,178,110,303,180,111,,,
316,304,180,296,258,149,180,,176,110,304,180,111,,,
316,304,180,281,258,149,144,,176,110,304,180,111,,,
316,304,180,281,257,149,144,,176,110,304,180,111,,,
316,304,180,281,254,149,116,,174,110,304,180,111,,,
315,304,180,270,254,149,59,,175,110,303,180,110,,,
315,304,180,270,253,149,56,,171,110,303,180,110,,,
317,305,180,138,251,147,56,,171,110,303,180,109,,,
317,305,180,138,251,148,56,,171,110,303,180,109,,,
316,308,180,138,251,147,59,,167,111,303,180,109,,,
316,308,180,138,251,147,56,,167,111,303,180,109,,,
316,308,180,137,251,147,,,166,111,302,180,109,,,
316,308,180,138,251,147,,,166,111,301,133,109,,,
317,308,180,138,251,147,,,167,111,301,138,109,,,
317,308,180,138,251,148,,,167,111,300,180,109,,,
317,308,180,138,251,148,,,167,111,301,180,109,,,
317,308,180,139,251,149,,,167,111,302,180,109,,,
315,308,180,139,251,149,,,167,111,303,180,109,,,
315,307,180,139,251,149,,,167,111,303,180,109,,,
316,307,180,137,251,150,,,167,111,303,180,109,,,
316,307,180,137,251,150,,,167,302,304,180,109,,,
315,307,144,137,251,150,,,165,303,306,180,109,,,
315,307,93,138,251,150,,,165,303,307,180,109,,,
315,307,93,138,251,151,,,163,306,307,180,109,,,
308,308,93,137,251,150,,,163,306,307,180,109,,,
303,308,91,137,309,151,,,162,307,307,180,109,,,
303,308,93,137,309,151,,,163,308,306,330,109,,,
303,308,93,137,309,151,,,161,308,306,318,109,,,
303,308,93,137,310,151,,,161,309,306,321,109,,,
303,308,93,136,309,151,,,160,308,306,324,110,,,
303,308,93,136,309,151,,,160,309,306,332,110,,,
303,308,93,136,309,151,,,155,309,306,337,111,,,
303,307,93,136,309,149,,,155,310,305,337,111,,,
303,307,93,136,309,149,,,154,311,305,341,111,,,
303,307,93,135,309,149,,,142,311,303,341,111,,,
303,307,91,135,311,149,,,142,311,302,341,113,,,
303,307,91,136,311,149,,,138,313,300,341,115,,,
303,307,91,136,289,147,,,135,315,299,341,115,,,
303,307,91,136,289,147,,,135,315,299,341,115,,,
303,307,91,136,285,147,,,136,315,298,341,115,,,
303,307,91,136,286,147,,,138,315,297,341,114,,,
303,308,91,136,270,147,,,141,315,295,341,114,,,
303,308,91,136,270,147,,,243,312,294,341,114,,,
303,309,91,136,270,146,,,290,312,294,341,114,,,
303,309,91,137,258,146,,,293,313,293,341,115,,,
303,310,93,137,144,146,,,293,310,291,341,116,,,
303,311,93,137,144,146,,,296,311,291,341,115,,,
303,311,93,137,144,146,,,296,310,289,341,114,,,
303,315,93,137,144,146,,,297,310,289,341,113,,,
303,315,94,136,144,146,,,297,310,288,341,113,,,
303,314,94,137,143,146,,,297,310,287,341,112,,,
303,314,97,137,143,147,,,296,309,287,341,112,,,
303,313,97,136,143,146,,,295,310,287,341,111,,,
303,313,128,136,143,147,,,295,309,287,341,111,,,
303,313,129,137,143,147,,,294,308,287,341,112,,,
303,313,156,136,143,147,,,294,308,287,341,111,,,
303,313,156,136,143,147,,,294,306,287,341,111,,,
303,313,180,137,143,147,,,292,306,287,341,111,,,
303,313,180,137,143,147,,,291,306,287,341,111,,,
303,313,180,136,143,147,,,291,304,288,341,112,,,
303,313,180,136,143,147,,,290,303,288,341,112,,,
303,313,180,137,143,147,,,290,303,288,341,112,,,
303,313,180,136,144,153,,,290,300,288,340,111,,,
303,313,180,136,144,176,,,290,300,288,341,111,,,
303,313,180,137,143,180,,,290,300,288,340,111,,,
303,313,180,137,144,153,,,290,299,288,340,110,,,
303,313,180,137,143,152,,,290,299,288,340,110,,,
303,313,180,137,143,158,,,290,299,288,340,110,,,
303,313,180,137,143,155,,,290,299,288,340,110,,,
303,313,184,137,143,156,,,290,296,288,340,110,,,
303,313,184,137,143,158,,,290,296,288,340,111,,,
303,313,185,137,143,153,,,290,296,289,340,111,,,
303,308,185,137,143,150,,,290,296,288,340,111,,,
303,308,185,137,143,146,,,290,296,288,341,111,,,
303,305,185,137,143,146,,,290,296,289,341,111,,,
303,304,185,137,143,144,,,290,296,290,341,111,,,
303,305,185,137,143,139,,,290,296,290,341,111,,,
303,305,185,137,143,139,,,288,293,288,341,112,,,
303,305,185,137,144,138,,,285,296,288,341,112,,,
303,305,185,137,144,138,,,270,296,287,341,111,,,
303,306,185,137,145,139,,,270,296,287,341,111,,,
303,306,184,137,153,139,,,270,296,288,341,111,,,
303,307,184,137,166,140,,,270,296,290,341,111,,,
303,307,184,137,170,150,,,270,296,290,341,111,,,
302,307,184,320,180,150,,,270,293,291,341,111,,,
298,307,184,320,189,180,,,270,293,291,341,111,,,
298,308,184,320,172,270,,,270,293,291,341,111,,,
299,308,184,320,172,280,,,180,293,291,341,111,,,
298,309,184,320,172,284,,,180,291,291,341,111,,,
299,309,184,320,172,284,,,180,288,291,341,111,,,
299,310,184,320,171,291,,,180,288,291,341,111,,,
299,309,184,320,171,291,,,180,288,291,341,111,,,
299,309,184,319,171,293,,,180,288,291,341,111,,,
299,308,184,319,170,295,,,180,288,291,341,111,,,
299,308,184,319,170,296,,,180,288,291,341,111,,,
299,308,184,319,170,303,,,180,288,291,341,111,,,
299,307,184,319,170,293,,,180,285,291,341,111,,,
300,307,184,318,170,293,,,180,285,291,341,111,,,
300,307,184,318,170,296,,,180,285,291,341,111,,,
300,307,184,318,170,296,,,180,285,291,341,112,,,
300,306,184,316,170,293,,,180,285,291,341,112,,,
300,306,184,316,170,292,,,180,284,291,341,112,,,
300,305,184,317,170,292,,,180,284,291,341,111,,,
300,304,184,317,170,285,,,180,284,291,341,111,,,
300,303,184,317,170,285,,,180,284,291,341,111,,,
300,302,184,316,170,284,,,180,288,290,341,111,,,
299,270,183,316,170,283,,,180,288,289,341,109,,,
300,270,183,139,170,144,,,180,288,287,341,108,,,
300,,183,139,170,144,,,180,291,287,341,108,,,
300,,183,138,168,144,,,180,291,284,339,108,,,
300,,183,138,168,144,,,180,291,274,,108,,,
300,,183,139,165,144,,,180,288,248,,108,,,
300,,183,138,162,144,,,180,288,270,,108,,,
300,,183,138,159,144,,,180,290,270,,108,,,
300,,183,138,153,144,,,180,291,278,,108,,,
300,,183,138,,142,,,180,296,282,,107,,,
300,,183,138,,142,,,180,296,283,,108,,,
300,,182,138,,141,,,180,293,277,,109,,,
298,,182,138,,141,,,180,296,277,,109,,,
296,,181,138,,142,,,180,296,144,,107,,,
294,,181,138,,141,,,180,296,130,,105,,,
290,,180,138,,141,,,180,296,129,,106,,,
289,,180,138,,142,,,180,296,129,,107,,,
303,,180,138,,142,,,180,296,129,,107,,,
26,,180,138,,142,,,180,296,127,,105,,,
26,,177,139,,142,,,180,296,127,,105,,,
26,,175,139,,142,,,180,296,128,,108,,,
26,,171,139,,141,,,180,296,128,,107,,,
26,,170,139,,141,,,180,296,128,,107,,,
26,,169,139,,141,,,180,296,127,,108,,,
26,,,137,,141,,,180,296,127,,106,,,
90,,,137,,142,,,180,296,127,,107,,,
90,,,137,,142,,,180,296,127,,106,,,
90,,,137,,142,,,180,296,127,,106,,,
90,,,137,,142,,,180,296,127,,104,,,
180,,,136,,142,,,180,296,127,,101,,,
,,,136,,143,,,180,296,127,,105,,,
,,,137,,142,,,180,296,127,,105,,,
,,,137,,143,,,180,296,127,,105,,,
,,,136,,142,,,180,296,127,,104,,,
,,,136,,142,,,180,296,127,,104,,,
,,,136,,142,,,180,296,127,,104,,,
,,,136,,142,,,180,296,126,,104,,,
,,,136,,142,,,180,296,126,,104,,,
,,,137,,142,,,180,296,126,,102,,,
,,,138,,142,,,180,296,127,,101,,,
,,,138,,142,,,180,296,127,,104,,,
,,,138,,142,,,180,296,127,,105,,,
,,,138,,142,,,180,296,127,,105,,,
,,,139,,142,,,218,296,127,,106,,,
,,,139,,142,,,225,294,127,,106,,,
,,,139,,142,,,243,293,127,,108,,,
,,,139,,142,,,243,293,127,,108,,,
,,,139,,142,,,251,293,127,,108,,,
,,,140,,143,,,270,293,127,,108,,,
,,,140,,143,,,270,293,127,,108,,,
,,,139,,143,,,270,293,127,,111,,,
,,,138,,143,,,270,293,127,,110,,,
,,,138,,143,,,270,293,127,,110,,,
,,,138,,143,,,270,293,127,,111,,,
,,,138,,143,,,270,293,127,,111,,,
,,,140,,143,,,270,293,127,,110,,,
,,,139,,143,,,270,293,126,,111,,,
,,,139,,143,,,270,291,126,,111,,,
,,,138,,143,,,270,293,127,,111,,,
,,,138,,143,,,270,293,127,,111,,,
,,,138,,143,,,270,293,127,,111,,,
,,,138,,143,,,270,293,127,,111,,,
,,,138,,143,,,270,293,127,,111,,,
,,,139,,143,,,270,299,127,,111,,,
,,,139,,143,,,270,300,127,,111,,,
,,,138,,143,,,270,306,127,,111,,,
,,,139,,143,,,270,315,128,,112,,,
,,,139,,143,,,270,315,128,,112,,,
,,,139,,143,,,180,321,129,,112,,,
,,,139,,143,,,180,143,126,,112,,,
,,,139,,143,,,180,18,124,,112,,,
,,,139,,143,,,180,18,128,,112,,,
,,,139,,143,,,180,18,128,,112,,,
,,,138,,143,,,180,26,128,,111,,,
,,,138,,143,,,180,26,127,,111,,,
,,,139,,143,,,180,26,127,,111,,,
,,,139,,143,,,180,26,127,,111,,,
,,,139,,143,,,180,26,127,,111,,,
,,,140,,143,,,180,26,127,,113,,,
,,,140,,143,,,180,26,127,,118,,,
,,,140,,143,,,225,26,127,,180,,,
,,,140,,143,,,225,26,126,,252,,,
,,,140,,142,,,225,26,126,,252,,,
,,,140,,143,,,255,26,125,,252,,,
,,,141,,143,,,255,26,123,,251,,,
,,,141,,142,,,239,26,123,,255,,,
,,,142,,142,,,225,277,124,,249,,,
,,,142,,142,,,188,280,124,,249,,,
,,,141,,142,,,180,281,127,,246,,,
,,,142,,142,,,180,281,127,,251,,,
,,,142,,142,,,165,281,127,,252,,,
,,,141,,142,,,165,280,126,,251,,,
,,,142,,142,,,164,280,126,,251,,,
,,,142,,142,,,165,279,127,,251,,,
,,,142,,142,,,165,279,127,,249,,,
,,,142,,142,,,165,279,127,,246,,,
,,,142,,142,,,165,279,127,,239,,,
,,,142,,142,,,165,278,127,,237,,,
,,,143,,142,,,165,278,128,,168,,,
,,,143,,142,,,165,278,128,,161,,,
,,,143,,142,,,165,278,129,,165,,,
,,,143,,142,,,165,277,129,,180,,,
,,,143,,142,,,165,277,129,,180,,,
,,,143,,142,,,160,277,129,,241,,,
,,,143,,142,,,160,277,129,,240,,,
,,,141,,142,,,158,277,130,,249,,,
,,,141,,142,,,158,277,129,,254,,,
,,,141,,142,,,158,277,129,,254,,,
,,,140,,142,,,156,277,129,,253,,,
,,,140,,142,,,156,277,154,,247,,,
,,,140,,142,,,155,277,133,,249,,,
,,,140,,142,,,155,277,132,,231,,,
,,,140,,143,,,158,277,132,,231,,,
,,,140,,143,,,158,277,135,,180,,,
,,,140,,142,,,158,277,132,,123,,,
,,,140,,142,,,158,277,132,,114,,,
,,,140,,142,,,158,277,135,,113,,,
,,,140,,143,,,158,277,135,,113,,,
,,,140,,142,,,160,276,135,,113,,,
,,,140,,142,,,160,276,135,,112,,,
,,,140,,143,,,161,276,135,,113,,,
,,,140,,143,,,160,276,135,,113,,,
,,,140,,142,,,160,276,135,,114,,,
,,,140,,142,,,161,275,135,,114,,,
,,,140,,142,,,161,275,135,,114,,,
,,,140,,142,,,161,276,135,,115,,,
,,,140,,142,,,160,276,135,,114,,,
,,,140,,142,,,160,276,135,,114,,,
,,,141,,142,,,158,276,135,,114,,,
,,,141,,140,,,158,276,135,,114,,,
,,,140,,140,,,158,276,133,,113,,,
,,,140,,140,,,158,276,131,,113,,,
,,,140,,140,,,158,276,131,,113,,,
,,,140,,140,,,157,276,132,,113,,,
,,,140,,140,,,158,276,131,,113,,,
,,,297,,140,,,157,276,131,,113,,,
,,,297,,140,,,156,276,130,,112,,,
,,,297,,140,,,156,276,130,,112,,,
,,,298,,140,,,161,276,132,,111,,,
,,,298,,140,,,161,276,132,,110,,,
,,,298,,140,,,163,276,131,,110,,,
,,,299,,139,,,163,276,133,,110,,,
,,,299,,139,,,165,276,135,,111,,,
,,,300,,139,,,165,276,132,,111,,,
,,,302,,139,,,165,276,132,,111,,,
,,,302,,139,,,167,276,132,,111,,,
,,,303,,139,,,167,276,132,,111,,,
,,,303,,138,,,165,276,132,,111,,,
,,,305,,137,,,164,276,132,,111,,,
,,,308,,137,,,164,276,132,,111,,,
,,,308,,137,,,159,276,132,,111,,,
,,,309,,136,,,159,276,132,,111,,,
,,,309,,136,,,155,276,132,,111,,,
,,,309,,136,,,155,276,131,,111,,,
,,,309,,135,,,155,276,135,,112,,,
,,,309,,135,,,155,276,135,,112,,,
,,,309,,135,,,155,275,132,,111,,,
,,,309,,132,,,155,275,132,,111,,,
,,,309,,135,,,155,276,132,,110,,,
,,,310,,135,,,155,276,130,,111,,,
,,,311,,135,,,155,276,130,,109,,,
,,,312,,135,,,155,276,130,,109,,,
,,,312,,135,,,155,276,130,,109,,,
,,,312,,135,,,155,277,130,,109,,,
,,,311,,135,,,155,277,130,,109,,,
,,,311,,135,,,155,277,129,,109,,,
,,,311,,135,,,154,277,130,,111,,,
,,,311,,135,,,155,277,130,,111,,,
,,,312,,135,,,153,275,129,,112,,,
,,,312,,135,,,153,275,131,,114,,,
,,,313,,135,,,153,275,131,,119,,,
,,,313,,135,,,153,275,130,,122,,,
,,,313,,135,,,156,275,130,,122,,,
,,,313,,135,,,156,275,131,,127,,,
,,,312,,135,,,157,275,130,,128,,,
,,,312,,135,,,159,275,130,,127,,,
,,,312,,135,,,161,275,129,,127,,,
,,,312,,135,,,161,275,129,,126,,,
,,,312,,135,,,161,275,130,,124,,,
,,,312,,135,,,161,275,129,,120,,,
,,,312,,135,,,164,275,128,,117,,,
,,,312,,291,,,163,277,129,,116,,,
,,,312,,291,,,158,277,129,,116,,,
,,,312,,291,,,157,279,129,,116,,,
,,,312,,292,,,153,279,132,,116,,,
,,,312,,292,,,153,280,132,,116,,,
,,,312,,292,,,270,282,135,,116,,,
,,,312,,292,,,270,282,135,,116,,,
,,,312,,292,,,270,284,135,,116,,,
,,,312,,292,,,270,284,131,,119,,,
,,,312,,292,,,270,284,131,,120,,,
,,,123,,292,,,270,286,130,,123,,,
,,,123,,292,,,270,285,130,,123,,,
,,,125,,292,,,270,287,130,,124,,,
,,,123,,292,,,270,287,129,,123,,,
,,,123,,293,,,270,287,129,,120,,,
,,,124,,294,,,270,287,129,,116,,,
,,,123,,292,,,270,287,129,,116,,,
,,,123,,288,,,270,287,129,,114,,,
,,,123,,288,,,270,287,129,,112,,,
,,,124,,287,,,270,287,129,,112,,,
,,,125,,287,,,270,287,130,,112,,,
,,,125,,287,,,270,287,130,,112,,,
,,,125,,288,,,270,287,129,,112,,,
,,,125,,288,,,270,288,130,,111,,,
,,,125,,288,,,270,288,130,,111,,,
,,,125,,290,,,270,287,130,,111,,,
,,,125,,291,,,270,288,130,,111,,,
,,,126,,292,,,270,288,130,,111,,,
,,,126,,292,,,270,288,131,,111,,,
,,,128,,291,,,270,288,131,,111,,,
,,,129,,292,,,270,289,129,,111,,,
,,,129,,291,,,270,288,129,,111,,,
,,,129,,292,,,270,289,129,,111,,,
,,,131,,292,,,270,290,131,,111,,,
,,,133,,292,,,270,289,130,,111,,,
,,,138,,293,,,265,290,131,,111,,,
,,,138,,293,,,265,291,131,,111,,,
,,,141,,292,,,261,290,130,,111,,,
,,,284,,292,,,254,291,131,,111,,,
,,,284,,294,,,243,290,131,,111,,,
,,,284,,295,,,243,290,130,,111,,,
,,,284,,297,,,233,290,130,,111,,,
,,,284,,298,,,216,290,131,,111,,,
,,,284,,298,,,206,290,130,,111,,,
,,,284,,298,,,198,290,131,,111,,,
,,,285,,298,,,184,290,131,,111,,,
,,,285,,298,,,184,290,131,,111,,,
,,,284,,298,,,180,289,131,,111,,,
,,,284,,298,,,180,290,131,,,,,
,,,284,,299,,,180,289,131,,,,,
,,,284,,299,,,180,290,133,,,,,
,,,284,,299,,,180,290,133,,,,,
,,,284,,299,,,180,290,131,,,,,
,,,284,,299,,,180,290,131,,,,,
,,,285,,297,,,180,289,131,,,,,
,,,285,,296,,,180,281,131,,,,,
,,,285,,294,,,180,270,131,,,,,
,,,285,,294,,,180,180,131,,,,,
,,,285,,295,,,180,63,130,,,,,
,,,284,,294,,,180,45,130,,,,,
,,,285,,294,,,180,45,130,,,,,
,,,285,,294,,,180,45,130,,,,,
,,,285,,294,,,180,63,129,,,,,
,,,285,,293,,,180,63,130,,,,,
,,,285,,292,,,180,63,130,,,,,
,,,285,,292,,,180,63,130,,,,,
,,,285,,292,,,174,63,130,,,,,
,,,285,,292,,,161,56,130,,,,,
,,,285,,292,,,159,45,130,,,,,
,,,286,,292,,,157,45,130,,,,,
,,,287,,292,,,155,45,130,,,,,
,,,287,,292,,,155,45,130,,,,,
,,,288,,292,,,154,,130,,,,,
,,,289,,292,,,154,,130,,,,,
,,,289,,291,,,154,,130,,,,,
,,,289,,291,,,153,,130,,,,,
,,,289,,290,,,153,,130,,,,,
,,,289,,290,,,153,,130,,,,,
,,,288,,290,,,154,,130,,,,,
,,,288,,290,,,154,,130,,,,,
,,,288,,290,,,154,,129,,,,,
,,,288,,289,,,154,,129,,,,,
,,,288,,289,,,154,,130,,,,,
,,,289,,289,,,154,,129,,,,,
,,,289,,290,,,153,,129,,,,,
,,,289,,290,,,153,,130,,,,,
,,,289,,290,,,153,,130,,,,,
,,,289,,290,,,153,,129,,,,,
,,,288,,290,,,153,,130,,,,,
,,,286,,290,,,154,,131,,,,,
,,,285,,290,,,153,,130,,,,,
,,,285,,290,,,153,,130,,,,,
,,,285,,290,,,153,,129,,,,,
,,,285,,290,,,153,,130,,,,,
,,,286,,290,,,153,,130,,,,,
,,,288,,290,,,153,,130,,,,,
,,,288,,291,,,153,,130,,,,,
,,,288,,291,,,153,,131,,,,,
,,,289,,291,,,153,,131,,,,,
,,,289,,290,,,153,,131,,,,,
,,,289,,291,,,153,,141,,,,,
,,,289,,291,,,153,,141,,,,,
,,,289,,291,,,153,,147,,,,,
,,,288,,291,,,153,,147,,,,,
,,,288,,291,,,153,,147,,,,,
,,,288,,291,,,153,,146,,,,,
,,,288,,291,,,153,,146,,,,,
,,,180,,291,,,153,,144,,,,,
,,,180,,292,,,153,,127,,,,,
,,,180,,291,,,153,,120,,,,,
,,,180,,291,,,153,,118,,,,,
,,,180,,291,,,153,,118,,,,,
,,,180,,290,,,153,,113,,,,,
,,,50,,290,,,153,,113,,,,,
,,,81,,290,,,153,,109,,,,,
,,,97,,289,,,153,,108,,,,,
,,,97,,289,,,153,,108,,,,,
,,,102,,289,,,153,,103,,,,,
,,,106,,290,,,153,,101,,,,,
,,,107,,290,,,153,,98,,,,,
,,,107,,290,,,153,,96,,,,,
,,,108,,290,,,153,,96,,,,,
,,,108,,289,,,153,,90,,,,,
,,,109,,289,,,153,,90,,,,,
,,,109,,289,,,153,,90,,,,,
,,,109,,290,,,153,,90,,,,,
,,,109,,290,,,153,,90,,,,,
,,,109,,289,,,153,,88,,,,,
,,,109,,289,,,153,,88,,,,,
,,,109,,290,,,153,,88,,,,,
,,,109,,290,,,153,,88,,,,,
,,,109,,290,,,153,,88,,,,,
,,,110,,290,,,153,,88,,,,,
,,,110,,290,,,153,,88,,,,,
,,,111,,290,,,153,,88,,,,,
,,,112,,290,,,153,,88,,,,,
,,,112,,290,,,153,,88,,,,,
,,,113,,289,,,153,,88,,,,,
,,,113,,290,,,153,,88,,,,,
,,,113,,290,,,153,,88,,,,,
,,,112,,290,,,153,,88,,,,,
,,,112,,290,,,153,,88,,,,,
,,,112,,290,,,153,,88,,,,,
,,,113,,290,,,153,,88,,,,,
,,,113,,290,,,153,,88,,,,,
,,,113,,290,,,153,,88,,,,,
,,,113,,290,,,153,,88,,,,,
,,,113,,289,,,153,,88,,,,,
,,,114,,290,,,153,,88,,,,,
,,,113,,289,,,154,,88,,,,,
,,,113,,289,,,153,,88,,,,,
,,,113,,289,,,153,,88,,,,,
,,,113,,289,,,153,,88,,,,,
,,,112,,289,,,153,,88,,,,,
,,,112,,289,,,153,,88,,,,,
,,,111,,290,,,153,,88,,,,,
,,,111,,290,,,153,,88,,,,,
,,,111,,289,,,153,,88,,,,,
,,,109,,289,,,153,,88,,,,,
,,,109,,289,,,153,,88,,,,,
,,,109,,289,,,153,,88,,,,,
,,,109,,289,,,153,,88,,,,,
,,,,,289,,,153,,88,,,,,
,,,,,289,,,153,,88,,,,,
,,,,,289,,,153,,88,,,,,
,,,,,289,,,153,,88,,,,,
,,,,,290,,,153,,88,,,,,
,,,,,291,,,153,,88,,,,,
,,,,,293,,,153,,88,,,,,
,,,,,293,,,153,,88,,,,,
,,,,,293,,,153,,88,,,,,
,,,,,293,,,153,,88,,,,,
,,,,,289,,,153,,88,,,,,
,,,,,286,,,153,,88,,,,,
,,,,,281,,,153,,88,,,,,
,,,,,281,,,153,,88,,,,,
,,,,,281,,,153,,88,,,,,
,,,,,63,,,153,,88,,,,,
,,,,,63,,,153,,88,,,,,
,,,,,,,,153,,88,,,,,
,,,,,,,,153,,88,,,,,
,,,,,,,,153,,88,,,,,
,,,,,,,,153,,88,,,,,
,,,,,,,,153,,88,,,,,
,,,,,,,,153,,88,,,,,
,,,,,,,,153,,88,,,,,
,,,,,,,,153,,88,,,,,
,,,,,,,,153,,88,,,,,
,,,,,,,,154,,88,,,,,
,,,,,,,,154,,88,,,,,
,,,,,,,,154,,88,,,,,
,,,,,,,,153,,88,,,,,
,,,,,,,,153,,88,,,,,
,,,,,,,,152,,88,,,,,
,,,,,,,,153,,88,,,,,
,,,,,,,,151,,90,,,,,
,,,,,,,,151,,90,,,,,
,,,,,,,,152,,118,,,,,
,,,,,,,,151,,146,,,,,
,,,,,,,,150,,,,,,,
,,,,,,,,151,,,,,,,
,,,,,,,,153,,,,,,,
,,,,,,,,180,,,,,,,
,,,,,,,,180,,,,,,,
,,,,,,,,206,,,,,,,
,,,,,,,,270,,,,,,,
,,,,,,,,180,,,,,,,
,,,,,,,,26,,,,,,,
,,,,,,,,45,,,,,,,
,,,,,,,,45,,,,,,,
,,,,,,,,45,,,,,,,
,,,,,,,,45,,,,,,,
,,,,,,,,0,,,,,,,
,,,,,,,,315,,,,,,,
,,,,,,,,315,,,,,,,
,,,,,,,,315,,,,,,,
,,,,,,,,315,,,,,,,
,,,,,,,,315,,,,,,,
,,,,,,,,304,,,,,,,
,,,,,,,,296,,,,,,,